cdmTableName,cdmFieldName,conceptId,conceptName,unitConceptId,unitConceptName,plausibleValueLow,plausibleValueLowThreshold,plausibleValueLowNotes,plausibleValueHigh,plausibleValueHighThreshold,plausibleValueHighNotes,plausibleGender,plausibleGenderThreshold,plausibleGenderNotes,isTemporallyConstant,isTemporallyConstantThreshold,isTemporallyConstantNotes,validPrevalenceLow,validPrevalenceLowThreshold,validPrevalenceLowNotes,validPrevalenceHigh,validPrevalenceHighThreshold,validPrevalenceHighNotes
MEASUREMENT,MEASUREMENT_CONCEPT_ID,3024561,Albumin [Mass/volume] in Serum or Plasma,8713.0,gram per deciliter,0.0,1,Based on Unit Harmonization Paper,10.0,1,,,,,,,,,,,,,
MEASUREMENT,MEASUREMENT_CONCEPT_ID,3028286,Albumin [Mass/volume] in Serum or Plasma by Electrophoresis,8713.0,gram per deciliter,0.0,1,Based on Unit Harmonization Paper,10.0,1,,,,,,,,,,,,,
MEASUREMENT,MEASUREMENT_CONCEPT_ID,40763912,Albumin [Mass/volume] in Serum or Plasma by Bromocresol green (BCG) dye binding method,8713.0,gram per deciliter,0.0,1,Based on Unit Harmonization Paper,10.0,1,,,,,,,,,,,,,
MEASUREMENT,MEASUREMENT_CONCEPT_ID,46235170,Albumin [Mass/volume] in Blood by Bromocresol purple (BCP) dye binding method,8713.0,gram per deciliter,0.0,1,Based on Unit Harmonization Paper,10.0,1,,,,,,,,,,,,,
MEASUREMENT,MEASUREMENT_CONCEPT_ID,40652534,Albumin|MCnc|Pt|ANYBldSerPl,8713.0,gram per deciliter,0.0,1,Based on Unit Harmonization Paper,10.0,1,,,,,,,,,,,,,
MEASUREMENT,MEASUREMENT_CONCEPT_ID,46236953,"Albumin [Mass/volume] in Serum, Plasma or Blood by Bromocresol purple (BCP) dye binding method",8713.0,gram per deciliter,0.0,1,Based on Unit Harmonization Paper,10.0,1,,,,,,,,,,,,,
MEASUREMENT,MEASUREMENT_CONCEPT_ID,40763913,Albumin [Mass/volume] in Serum or Plasma by Bromocresol purple (BCP) dye binding method,8713.0,gram per deciliter,0.0,1,Based on Unit Harmonization Paper,10.0,1,,,,,,,,,,,,,
MEASUREMENT,MEASUREMENT_CONCEPT_ID,3006923,Alanine aminotransferase [Enzymatic activity/volume] in Serum or Plasma,8923.0,international unit per liter,0.0,1,Based on Unit Harmonization Paper,50000.0,1,,,,,,,,,,,,,
MEASUREMENT,MEASUREMENT_CONCEPT_ID,3045928,Alanine aminotransferase [Enzymatic activity/volume] (Maximum value during study) in Serum or Plasma by No addition of P-5'-P,8923.0,international unit per liter,0.0,1,Based on Unit Harmonization Paper,50000.0,1,,,,,,,,,,,,,
MEASUREMENT,MEASUREMENT_CONCEPT_ID,3005755,Alanine aminotransferase [Enzymatic activity/volume] in Serum or Plasma by With P-5'-P,8923.0,international unit per liter,0.0,1,Based on Unit Harmonization Paper,50000.0,1,,,,,,,,,,,,,
MEASUREMENT,MEASUREMENT_CONCEPT_ID,3027388,Alanine aminotransferase [Enzymatic activity/volume] in Serum or Plasma by No addition of P-5'-P,8923.0,international unit per liter,0.0,1,Based on Unit Harmonization Paper,50000.0,1,,,,,,,,,,,,,
MEASUREMENT,MEASUREMENT_CONCEPT_ID,46235106,Alanine aminotransferase [Enzymatic activity/volume] in Blood,8923.0,international unit per liter,0.0,1,Based on Unit Harmonization Paper,50000.0,1,,,,,,,,,,,,,
MEASUREMENT,MEASUREMENT_CONCEPT_ID,46236949,"Alanine aminotransferase [Enzymatic activity/volume] in Serum, Plasma or Blood",8923.0,international unit per liter,0.0,1,Based on Unit Harmonization Paper,50000.0,1,,,,,,,,,,,,,
MEASUREMENT,MEASUREMENT_CONCEPT_ID,3042781,Aspartate aminotransferase [Enzymatic activity/volume] (Maximum value during study) in Serum or Plasma,8923.0,international unit per liter,0.0,1,Based on Unit Harmonization Paper,50000.0,1,,,,,,,,,,,,,
MEASUREMENT,MEASUREMENT_CONCEPT_ID,3037081,Aspartate aminotransferase [Enzymatic activity/volume] in Serum or Plasma by With P-5'-P,8923.0,international unit per liter,0.0,1,Based on Unit Harmonization Paper,50000.0,1,,,,,,,,,,,,,
MEASUREMENT,MEASUREMENT_CONCEPT_ID,36305398,Aspartate aminotransferase [Enzymatic activity/volume] in Serum or Plasma by No addition of P-5'-P,8923.0,international unit per liter,0.0,1,Based on Unit Harmonization Paper,50000.0,1,,,,,,,,,,,,,
MEASUREMENT,MEASUREMENT_CONCEPT_ID,3013721,Aspartate aminotransferase [Enzymatic activity/volume] in Serum or Plasma,8923.0,international unit per liter,0.0,1,Based on Unit Harmonization Paper,50000.0,1,,,,,,,,,,,,,
MEASUREMENT,MEASUREMENT_CONCEPT_ID,3010587,Aspartate aminotransferase [Presence] in Serum or Plasma,8923.0,international unit per liter,0.0,1,Based on Unit Harmonization Paper,50000.0,1,,,,,,,,,,,,,
MEASUREMENT,MEASUREMENT_CONCEPT_ID,3007242,Bilirubin.indirect [Moles/volume] in Serum or Plasma,8840.0,milligram per deciliter,0.0,1,Based on Unit Harmonization Paper,100.0,1,,,,,,,,,,,,,
MEASUREMENT,MEASUREMENT_CONCEPT_ID,3007359,Bilirubin.indirect [Mass/volume] in Serum or Plasma,8840.0,milligram per deciliter,0.0,1,Based on Unit Harmonization Paper,100.0,1,,,,,,,,,,,,,
MEASUREMENT,MEASUREMENT_CONCEPT_ID,3019676,Bilirubin.conjugated [Mass/volume] in Serum or Plasma,8840.0,milligram per deciliter,0.0,1,Based on Unit Harmonization Paper,100.0,1,,,,,,,,,,,,,
MEASUREMENT,MEASUREMENT_CONCEPT_ID,3028638,Bilirubin.direct [Moles/volume] in Serum or Plasma,8840.0,milligram per deciliter,0.0,1,Based on Unit Harmonization Paper,100.0,1,,,,,,,,,,,,,
MEASUREMENT,MEASUREMENT_CONCEPT_ID,3005772,Bilirubin.conjugated [Moles/volume] in Serum or Plasma,8840.0,milligram per deciliter,0.0,1,Based on Unit Harmonization Paper,100.0,1,,,,,,,,,,,,,
MEASUREMENT,MEASUREMENT_CONCEPT_ID,3027597,Bilirubin.direct [Mass/volume] in Serum or Plasma,8840.0,milligram per deciliter,0.0,1,Based on Unit Harmonization Paper,100.0,1,,,,,,,,,,,,,
MEASUREMENT,MEASUREMENT_CONCEPT_ID,40652712,Bilirubin|SCnc|Pt|ANYBldSerPl,8840.0,milligram per deciliter,0.0,1,Based on Unit Harmonization Paper,100.0,1,,,,,,,,,,,,,
MEASUREMENT,MEASUREMENT_CONCEPT_ID,1175191,Bilirubin.total [Moles/volume] in Venous blood,8840.0,milligram per deciliter,0.0,1,Based on Unit Harmonization Paper,100.0,1,,,,,,,,,,,,,
MEASUREMENT,MEASUREMENT_CONCEPT_ID,3006140,Bilirubin.total [Moles/volume] in Serum or Plasma,8840.0,milligram per deciliter,0.0,1,Based on Unit Harmonization Paper,100.0,1,,,,,,,,,,,,,
MEASUREMENT,MEASUREMENT_CONCEPT_ID,1175183,Bilirubin.total [Moles/volume] in Arterial blood,8840.0,milligram per deciliter,0.0,1,Based on Unit Harmonization Paper,100.0,1,,,,,,,,,,,,,
MEASUREMENT,MEASUREMENT_CONCEPT_ID,3024128,Bilirubin.total [Mass/volume] in Serum or Plasma,8840.0,milligram per deciliter,0.0,1,Based on Unit Harmonization Paper,100.0,1,,,,,,,,,,,,,
MEASUREMENT,MEASUREMENT_CONCEPT_ID,40757494,Bilirubin.total [Moles/volume] in Blood,8840.0,milligram per deciliter,0.0,1,Based on Unit Harmonization Paper,100.0,1,,,,,,,,,,,,,
MEASUREMENT,MEASUREMENT_CONCEPT_ID,40762888,Bilirubin.total [Mass/volume] in Arterial blood,8840.0,milligram per deciliter,0.0,1,Based on Unit Harmonization Paper,100.0,1,,,,,,,,,,,,,
MEASUREMENT,MEASUREMENT_CONCEPT_ID,40762889,Bilirubin.total [Mass/volume] in Venous blood,8840.0,milligram per deciliter,0.0,1,Based on Unit Harmonization Paper,100.0,1,,,,,,,,,,,,,
MEASUREMENT,MEASUREMENT_CONCEPT_ID,46235782,"Bilirubin.total [Moles/volume] in Serum, Plasma or Blood",8840.0,milligram per deciliter,0.0,1,Based on Unit Harmonization Paper,100.0,1,,,,,,,,,,,,,
MEASUREMENT,MEASUREMENT_CONCEPT_ID,3028833,Bilirubin.total [Mass/volume] in Blood,8840.0,milligram per deciliter,0.0,1,Based on Unit Harmonization Paper,100.0,1,,,,,,,,,,,,,
MEASUREMENT,MEASUREMENT_CONCEPT_ID,40652709,Bilirubin|MCnc|Pt|ANYBldSerPl,8840.0,milligram per deciliter,0.0,1,Based on Unit Harmonization Paper,100.0,1,,,,,,,,,,,,,
MEASUREMENT,MEASUREMENT_CONCEPT_ID,1002813,Body mass index (BMI) | Patient | General body weight,9531.0,kilogram per square meter,0.0,1,Based on Unit Harmonization Paper,100.0,1,,,,,,,,,,,,,
MEASUREMENT,MEASUREMENT_CONCEPT_ID,4245997,Body mass index,9531.0,kilogram per square meter,0.0,1,Based on Unit Harmonization Paper,100.0,1,,,,,,,,,,,,,
MEASUREMENT,MEASUREMENT_CONCEPT_ID,1576151,Body mass index [BMI],9531.0,kilogram per square meter,0.0,1,Based on Unit Harmonization Paper,100.0,1,,,,,,,,,,,,,
MEASUREMENT,MEASUREMENT_CONCEPT_ID,3038553,Body mass index (BMI) [Ratio],9531.0,kilogram per square meter,0.0,1,Based on Unit Harmonization Paper,100.0,1,,,,,,,,,,,,,
MEASUREMENT,MEASUREMENT_CONCEPT_ID,44828614,Body mass index [BMI],9531.0,kilogram per square meter,0.0,1,Based on Unit Harmonization Paper,100.0,1,,,,,,,,,,,,,
MEASUREMENT,MEASUREMENT_CONCEPT_ID,44783982,Measurement of body mass index,9531.0,kilogram per square meter,0.0,1,Based on Unit Harmonization Paper,100.0,1,,,,,,,,,,,,,
MEASUREMENT,MEASUREMENT_CONCEPT_ID,3011960,Natriuretic peptide B [Mass/volume] in Serum or Plasma,8845.0,picogram per milliliter,0.0,1,Based on Unit Harmonization Paper,30000.0,1,,,,,,,,,,,,,
MEASUREMENT,MEASUREMENT_CONCEPT_ID,4136597,Plasma B natriuretic peptide measurement,8845.0,picogram per milliliter,0.0,1,Based on Unit Harmonization Paper,30000.0,1,,,,,,,,,,,,,
MEASUREMENT,MEASUREMENT_CONCEPT_ID,4307029,Brain natriuretic peptide measurement,8845.0,picogram per milliliter,0.0,1,Based on Unit Harmonization Paper,30000.0,1,,,,,,,,,,,,,
MEASUREMENT,MEASUREMENT_CONCEPT_ID,3031569,Natriuretic peptide B [Mass/volume] in Blood,8845.0,picogram per milliliter,0.0,1,Based on Unit Harmonization Paper,30000.0,1,,,,,,,,,,,,,
MEASUREMENT,MEASUREMENT_CONCEPT_ID,37046487,Natriuretic peptide B | Serum or Plasma | Chemistry - non-challenge,8845.0,picogram per milliliter,0.0,1,Based on Unit Harmonization Paper,30000.0,1,,,,,,,,,,,,,
MEASUREMENT,MEASUREMENT_CONCEPT_ID,40655158,Natriuretic peptide.B|Pt|Ser/Plas,8845.0,picogram per milliliter,0.0,1,Based on Unit Harmonization Paper,30000.0,1,,,,,,,,,,,,,
MEASUREMENT,MEASUREMENT_CONCEPT_ID,37043162,Natriuretic peptide B | Blood | Chemistry - non-challenge,8845.0,picogram per milliliter,0.0,1,Based on Unit Harmonization Paper,30000.0,1,,,,,,,,,,,,,
MEASUREMENT,MEASUREMENT_CONCEPT_ID,40653383,Natriuretic peptide.B|MCnc|Pt|ANYBldSerPl,8845.0,picogram per milliliter,0.0,1,Based on Unit Harmonization Paper,30000.0,1,,,,,,,,,,,,,
MEASUREMENT,MEASUREMENT_CONCEPT_ID,2212470,Natriuretic peptide,8845.0,picogram per milliliter,0.0,1,Based on Unit Harmonization Paper,30000.0,1,,,,,,,,,,,,,
MEASUREMENT,MEASUREMENT_CONCEPT_ID,3052295,Natriuretic peptide B [Moles/volume] in Serum or Plasma,8845.0,picogram per milliliter,0.0,1,Based on Unit Harmonization Paper,30000.0,1,,,,,,,,,,,,,
MEASUREMENT,MEASUREMENT_CONCEPT_ID,44812010,Serum B-type natriuretic peptide concentration measurement,8845.0,picogram per milliliter,0.0,1,Based on Unit Harmonization Paper,30000.0,1,,,,,,,,,,,,,
MEASUREMENT,MEASUREMENT_CONCEPT_ID,46234683,Body weight - Reported --usual,9529.0,kilogram,0.1,1,Based on Unit Harmonization Paper,500.0,1,,,,,,,,,,,,,
MEASUREMENT,MEASUREMENT_CONCEPT_ID,3023166,Body weight Stated,9529.0,kilogram,0.1,1,Based on Unit Harmonization Paper,500.0,1,,,,,,,,,,,,,
MEASUREMENT,MEASUREMENT_CONCEPT_ID,3025315,Body weight,9529.0,kilogram,0.1,1,Based on Unit Harmonization Paper,500.0,1,,,,,,,,,,,,,
MEASUREMENT,MEASUREMENT_CONCEPT_ID,3010220,Body weight Measured --with clothes,9529.0,kilogram,0.1,1,Based on Unit Harmonization Paper,500.0,1,,,,,,,,,,,,,
MEASUREMENT,MEASUREMENT_CONCEPT_ID,3013762,Body weight Measured,9529.0,kilogram,0.1,1,Based on Unit Harmonization Paper,500.0,1,,,,,,,,,,,,,
MEASUREMENT,MEASUREMENT_CONCEPT_ID,4099154,Body weight,9529.0,kilogram,0.1,1,Based on Unit Harmonization Paper,500.0,1,,,,,,,,,,,,,
MEASUREMENT,MEASUREMENT_CONCEPT_ID,21492642,Body weight --used for drug calculation,9529.0,kilogram,0.1,1,Based on Unit Harmonization Paper,500.0,1,,,,,,,,,,,,,
MEASUREMENT,MEASUREMENT_CONCEPT_ID,3011054,Body weight Measured --without clothes,9529.0,kilogram,0.1,1,Based on Unit Harmonization Paper,500.0,1,,,,,,,,,,,,,
MEASUREMENT,MEASUREMENT_CONCEPT_ID,1001975,Urea nitrogen [Mass/volume] in Serum or Plasma --1 hour post dose vasopressin,8840.0,milligram per deciliter,0.0,1,Based on Unit Harmonization Paper,500.0,1,,,,,,,,,,,,,
MEASUREMENT,MEASUREMENT_CONCEPT_ID,3026617,Urea nitrogen [Mass/volume] in Arterial blood,8840.0,milligram per deciliter,0.0,1,Based on Unit Harmonization Paper,500.0,1,,,,,,,,,,,,,
MEASUREMENT,MEASUREMENT_CONCEPT_ID,1002034,Urea nitrogen [Mass/volume] in Serum or Plasma --2 hours post dose vasopressin,8840.0,milligram per deciliter,0.0,1,Based on Unit Harmonization Paper,500.0,1,,,,,,,,,,,,,
MEASUREMENT,MEASUREMENT_CONCEPT_ID,3013682,Urea nitrogen [Mass/volume] in Serum or Plasma,8840.0,milligram per deciliter,0.0,1,Based on Unit Harmonization Paper,500.0,1,,,,,,,,,,,,,
MEASUREMENT,MEASUREMENT_CONCEPT_ID,3022164,Urea nitrogen [Mass/volume] in Serum or Plasma --pre dialysis,8840.0,milligram per deciliter,0.0,1,Based on Unit Harmonization Paper,500.0,1,,,,,,,,,,,,,
MEASUREMENT,MEASUREMENT_CONCEPT_ID,3027219,Urea nitrogen [Mass/volume] in Venous blood,8840.0,milligram per deciliter,0.0,1,Based on Unit Harmonization Paper,500.0,1,,,,,,,,,,,,,
MEASUREMENT,MEASUREMENT_CONCEPT_ID,3028280,Urea nitrogen [Mass/volume] in Blood --baseline,8840.0,milligram per deciliter,0.0,1,Based on Unit Harmonization Paper,500.0,1,,,,,,,,,,,,,
MEASUREMENT,MEASUREMENT_CONCEPT_ID,43055235,Urea nitrogen [Mass/volume] in Serum or Plasma --pre contrast,8840.0,milligram per deciliter,0.0,1,Based on Unit Harmonization Paper,500.0,1,,,,,,,,,,,,,
MEASUREMENT,MEASUREMENT_CONCEPT_ID,3004295,Urea nitrogen [Mass/volume] in Blood,8840.0,milligram per deciliter,0.0,1,Based on Unit Harmonization Paper,500.0,1,,,,,,,,,,,,,
MEASUREMENT,MEASUREMENT_CONCEPT_ID,3016857,Urea nitrogen [Mass/volume] in Arterial blood --post dialysis,8840.0,milligram per deciliter,0.0,1,Based on Unit Harmonization Paper,500.0,1,,,,,,,,,,,,,
MEASUREMENT,MEASUREMENT_CONCEPT_ID,3034104,Urea nitrogen [Mass/volume] in Serum or Plasma --post dialysis,8840.0,milligram per deciliter,0.0,1,Based on Unit Harmonization Paper,500.0,1,,,,,,,,,,,,,
MEASUREMENT,MEASUREMENT_CONCEPT_ID,3034495,Urea nitrogen [Mass/volume] in Venous blood --pre dialysis,8840.0,milligram per deciliter,0.0,1,Based on Unit Harmonization Paper,500.0,1,,,,,,,,,,,,,
MEASUREMENT,MEASUREMENT_CONCEPT_ID,3050748,Urea nitrogen [Mass/volume] in Venous blood --post dialysis,8840.0,milligram per deciliter,0.0,1,Based on Unit Harmonization Paper,500.0,1,,,,,,,,,,,,,
MEASUREMENT,MEASUREMENT_CONCEPT_ID,40762632,Urea nitrogen [Moles/volume] in Blood,8840.0,milligram per deciliter,0.0,1,Based on Unit Harmonization Paper,500.0,1,,,,,,,,,,,,,
MEASUREMENT,MEASUREMENT_CONCEPT_ID,3009585,Urea nitrogen [Mass/volume] in Serum or Plasma --70 minute specimen,8840.0,milligram per deciliter,0.0,1,Based on Unit Harmonization Paper,500.0,1,,,,,,,,,,,,,
MEASUREMENT,MEASUREMENT_CONCEPT_ID,3009808,Urea nitrogen [Mass/volume] in Serum or Plasma --2 hour specimen,8840.0,milligram per deciliter,0.0,1,Based on Unit Harmonization Paper,500.0,1,,,,,,,,,,,,,
MEASUREMENT,MEASUREMENT_CONCEPT_ID,3053280,Urea nitrogen [Mass ratio] in Serum or Plasma--post dialysis/pre dialysis,8840.0,milligram per deciliter,0.0,1,Based on Unit Harmonization Paper,500.0,1,,,,,,,,,,,,,
MEASUREMENT,MEASUREMENT_CONCEPT_ID,1002357,Urea nitrogen [Mass/volume] in Serum or Plasma --1 hour specimen,8840.0,milligram per deciliter,0.0,1,Based on Unit Harmonization Paper,500.0,1,,,,,,,,,,,,,
MEASUREMENT,MEASUREMENT_CONCEPT_ID,3024641,Urea nitrogen [Moles/volume] in Serum or Plasma,8840.0,milligram per deciliter,0.0,1,Based on Unit Harmonization Paper,500.0,1,,,,,,,,,,,,,
MEASUREMENT,MEASUREMENT_CONCEPT_ID,3046485,Urea nitrogen/Creatinine [Mass Ratio] in Blood,0.0,NULL,0.0,1,Based on Unit Harmonization Paper,400.0,1,,,,,,,,,,,,,
MEASUREMENT,MEASUREMENT_CONCEPT_ID,3018311,Urea nitrogen/Creatinine [Mass Ratio] in Serum or Plasma,0.0,NULL,0.0,1,Based on Unit Harmonization Paper,400.0,1,,,,,,,,,,,,,
MEASUREMENT,MEASUREMENT_CONCEPT_ID,3010156,C reactive protein [Mass/volume] in Serum or Plasma by High sensitivity method,8751.0,milligram per liter,0.0,1,Based on Unit Harmonization Paper,1000.0,1,,,,,,,,,,,,,
MEASUREMENT,MEASUREMENT_CONCEPT_ID,37208570,CRP (C reactive protein) mass concentration in plasma,8751.0,milligram per liter,0.0,1,Based on Unit Harmonization Paper,1000.0,1,,,,,,,,,,,,,
MEASUREMENT,MEASUREMENT_CONCEPT_ID,37208571,CRP (C reactive protein) mass concentration in serum,8751.0,milligram per liter,0.0,1,Based on Unit Harmonization Paper,1000.0,1,,,,,,,,,,,,,
MEASUREMENT,MEASUREMENT_CONCEPT_ID,46234770,C reactive protein [Moles/volume] in Serum or Plasma,8751.0,milligram per liter,0.0,1,Based on Unit Harmonization Paper,1000.0,1,,,,,,,,,,,,,
MEASUREMENT,MEASUREMENT_CONCEPT_ID,3000965,C reactive protein [Presence] in Serum or Plasma,8751.0,milligram per liter,0.0,1,Based on Unit Harmonization Paper,1000.0,1,,,,,,,,,,,,,
MEASUREMENT,MEASUREMENT_CONCEPT_ID,37398482,Serum CRP (C reactive protein) level,8751.0,milligram per liter,0.0,1,Based on Unit Harmonization Paper,1000.0,1,,,,,,,,,,,,,
MEASUREMENT,MEASUREMENT_CONCEPT_ID,42870365,C reactive protein [Mass/volume] in Blood by High sensitivity method,8751.0,milligram per liter,0.0,1,Based on Unit Harmonization Paper,1000.0,1,,,,,,,,,,,,,
MEASUREMENT,MEASUREMENT_CONCEPT_ID,46234771,C reactive protein [Moles/volume] in Serum or Plasma by High sensitivity method,8751.0,milligram per liter,0.0,1,Based on Unit Harmonization Paper,1000.0,1,,,,,,,,,,,,,
MEASUREMENT,MEASUREMENT_CONCEPT_ID,3020460,C reactive protein [Mass/volume] in Serum or Plasma,8751.0,milligram per liter,0.0,1,Based on Unit Harmonization Paper,1000.0,1,,,,,,,,,,,,,
MEASUREMENT,MEASUREMENT_CONCEPT_ID,3028766,C reactive protein [Titer] in Serum or Plasma,8751.0,milligram per liter,0.0,1,Based on Unit Harmonization Paper,1000.0,1,,,,,,,,,,,,,
MEASUREMENT,MEASUREMENT_CONCEPT_ID,3034254,C reactive protein [Quintile] in Serum or Plasma by High sensitivity method,8751.0,milligram per liter,0.0,1,Based on Unit Harmonization Paper,1000.0,1,,,,,,,,,,,,,
MEASUREMENT,MEASUREMENT_CONCEPT_ID,3035320,C reactive protein [Mass/volume] in Body fluid,8751.0,milligram per liter,0.0,1,Based on Unit Harmonization Paper,1000.0,1,,,,,,,,,,,,,
MEASUREMENT,MEASUREMENT_CONCEPT_ID,3051387,C reactive protein [Mass/volume] in Capillary blood,8751.0,milligram per liter,0.0,1,Based on Unit Harmonization Paper,1000.0,1,,,,,,,,,,,,,
MEASUREMENT,MEASUREMENT_CONCEPT_ID,37398420,Plasma C reactive protein,8751.0,milligram per liter,0.0,1,Based on Unit Harmonization Paper,1000.0,1,,,,,,,,,,,,,
MEASUREMENT,MEASUREMENT_CONCEPT_ID,4048092,Serum C reactive protein level,8751.0,milligram per liter,0.0,1,Based on Unit Harmonization Paper,1000.0,1,,,,,,,,,,,,,
MEASUREMENT,MEASUREMENT_CONCEPT_ID,4264024,C reactive protein,8751.0,milligram per liter,0.0,1,Based on Unit Harmonization Paper,1000.0,1,,,,,,,,,,,,,
MEASUREMENT,MEASUREMENT_CONCEPT_ID,3014576,Chloride [Moles/volume] in Serum or Plasma,8753.0,millimole per liter,50.0,1,Based on Unit Harmonization Paper,200.0,1,,,,,,,,,,,,,
MEASUREMENT,MEASUREMENT_CONCEPT_ID,3035285,Chloride [Moles/volume] in Venous blood,8753.0,millimole per liter,50.0,1,Based on Unit Harmonization Paper,200.0,1,,,,,,,,,,,,,
MEASUREMENT,MEASUREMENT_CONCEPT_ID,3018572,Chloride [Moles/volume] in Blood,8753.0,millimole per liter,50.0,1,Based on Unit Harmonization Paper,200.0,1,,,,,,,,,,,,,
MEASUREMENT,MEASUREMENT_CONCEPT_ID,3031248,Chloride [Moles/volume] in Arterial blood,8753.0,millimole per liter,50.0,1,Based on Unit Harmonization Paper,200.0,1,,,,,,,,,,,,,
MEASUREMENT,MEASUREMENT_CONCEPT_ID,40757500,Chloride [Moles/volume] in Serum or Plasma --post dialysis,8753.0,millimole per liter,50.0,1,Based on Unit Harmonization Paper,200.0,1,,,,,,,,,,,,,
MEASUREMENT,MEASUREMENT_CONCEPT_ID,1001843,Chloride [Moles/volume] in Serum or Plasma --2 hours post dose vasopressin,8753.0,millimole per liter,50.0,1,Based on Unit Harmonization Paper,200.0,1,,,,,,,,,,,,,
MEASUREMENT,MEASUREMENT_CONCEPT_ID,1002263,Chloride [Moles/volume] in Serum or Plasma --1 hour post dose vasopressin,8753.0,millimole per liter,50.0,1,Based on Unit Harmonization Paper,200.0,1,,,,,,,,,,,,,
MEASUREMENT,MEASUREMENT_CONCEPT_ID,46235783,"Chloride [Moles/volume] in Serum, Plasma or Blood",8753.0,millimole per liter,50.0,1,Based on Unit Harmonization Paper,200.0,1,,,,,,,,,,,,,
MEASUREMENT,MEASUREMENT_CONCEPT_ID,3039964,Chloride [Moles/volume] in Capillary blood,8753.0,millimole per liter,50.0,1,Based on Unit Harmonization Paper,200.0,1,,,,,,,,,,,,,
MEASUREMENT,MEASUREMENT_CONCEPT_ID,37208831,Creatinine substance concentration in serum by enzymatic method,8840.0,milligram per deciliter,0.0,1,Based on Unit Harmonization Paper,30.0,1,,,,,,,,,,,,,
MEASUREMENT,MEASUREMENT_CONCEPT_ID,4197967,Corrected serum creatinine measurement,8840.0,milligram per deciliter,0.0,1,Based on Unit Harmonization Paper,30.0,1,,,,,,,,,,,,,
MEASUREMENT,MEASUREMENT_CONCEPT_ID,4199025,Plasma creatinine measurement,8840.0,milligram per deciliter,0.0,1,Based on Unit Harmonization Paper,30.0,1,,,,,,,,,,,,,
MEASUREMENT,MEASUREMENT_CONCEPT_ID,3007760,Creatinine [Mass/volume] in Arterial blood,8840.0,milligram per deciliter,0.0,1,Based on Unit Harmonization Paper,30.0,1,,,,,,,,,,,,,
MEASUREMENT,MEASUREMENT_CONCEPT_ID,4195331,Corrected plasma creatinine measurement,8840.0,milligram per deciliter,0.0,1,Based on Unit Harmonization Paper,30.0,1,,,,,,,,,,,,,
MEASUREMENT,MEASUREMENT_CONCEPT_ID,37392176,Serum creatinine level,8840.0,milligram per deciliter,0.0,1,Based on Unit Harmonization Paper,30.0,1,,,,,,,,,,,,,
MEASUREMENT,MEASUREMENT_CONCEPT_ID,2212294,Creatinine; blood,8840.0,milligram per deciliter,0.0,1,Based on Unit Harmonization Paper,30.0,1,,,,,,,,,,,,,
MEASUREMENT,MEASUREMENT_CONCEPT_ID,37392198,Corrected serum creatinine level,8840.0,milligram per deciliter,0.0,1,Based on Unit Harmonization Paper,30.0,1,,,,,,,,,,,,,
MEASUREMENT,MEASUREMENT_CONCEPT_ID,3016723,Creatinine [Mass/volume] in Serum or Plasma,8840.0,milligram per deciliter,0.0,1,Based on Unit Harmonization Paper,30.0,1,,,,,,,,,,,,,
MEASUREMENT,MEASUREMENT_CONCEPT_ID,3051825,Creatinine [Mass/volume] in Blood,8840.0,milligram per deciliter,0.0,1,Based on Unit Harmonization Paper,30.0,1,,,,,,,,,,,,,
MEASUREMENT,MEASUREMENT_CONCEPT_ID,4013964,"Creatinine measurement, serum",8840.0,milligram per deciliter,0.0,1,Based on Unit Harmonization Paper,30.0,1,,,,,,,,,,,,,
MEASUREMENT,MEASUREMENT_CONCEPT_ID,37208596,Creatinine substance concentration in serum,8840.0,milligram per deciliter,0.0,1,Based on Unit Harmonization Paper,30.0,1,,,,,,,,,,,,,
MEASUREMENT,MEASUREMENT_CONCEPT_ID,37208830,Creatinine substance concentration in serum by colorimetric method,8840.0,milligram per deciliter,0.0,1,Based on Unit Harmonization Paper,30.0,1,,,,,,,,,,,,,
MEASUREMENT,MEASUREMENT_CONCEPT_ID,3018737,Fibrin D-dimer [Units/volume] in Platelet poor plasma by Immunoassay,44783461.0,Milligram per liter fibrinogen equivalent unit,0.0,1,Based on Unit Harmonization Paper,50000.0,1,,,,,,,,,,,,,
MEASUREMENT,MEASUREMENT_CONCEPT_ID,3048530,Fibrin D-dimer DDU [Mass/volume] in Platelet poor plasma,44783461.0,Milligram per liter fibrinogen equivalent unit,0.0,1,Based on Unit Harmonization Paper,50000.0,1,,,,,,,,,,,,,
MEASUREMENT,MEASUREMENT_CONCEPT_ID,3052648,Fibrin D-dimer FEU [Mass/volume] in Platelet poor plasma by Immunoassay,44783461.0,Milligram per liter fibrinogen equivalent unit,0.0,1,Based on Unit Harmonization Paper,50000.0,1,,,,,,,,,,,,,
MEASUREMENT,MEASUREMENT_CONCEPT_ID,3015823,Fibrin D-dimer [Presence] in Platelet poor plasma,44783461.0,Milligram per liter fibrinogen equivalent unit,0.0,1,Based on Unit Harmonization Paper,50000.0,1,,,,,,,,,,,,,
MEASUREMENT,MEASUREMENT_CONCEPT_ID,37021210,Fibrin D-dimer DDU [Mass/volume] in Blood by Immunoassay,44783461.0,Milligram per liter fibrinogen equivalent unit,0.0,1,Based on Unit Harmonization Paper,50000.0,1,,,,,,,,,,,,,
MEASUREMENT,MEASUREMENT_CONCEPT_ID,3051714,Fibrin D-dimer FEU [Mass/volume] in Platelet poor plasma,44783461.0,Milligram per liter fibrinogen equivalent unit,0.0,1,Based on Unit Harmonization Paper,50000.0,1,,,,,,,,,,,,,
MEASUREMENT,MEASUREMENT_CONCEPT_ID,3052716,Fibrin D-dimer DDU [Mass/volume] in Platelet poor plasma by Immunoassay,44783461.0,Milligram per liter fibrinogen equivalent unit,0.0,1,Based on Unit Harmonization Paper,50000.0,1,,,,,,,,,,,,,
MEASUREMENT,MEASUREMENT_CONCEPT_ID,3023361,Fibrin D-dimer [Units/volume] in Platelet poor plasma,44783461.0,Milligram per liter fibrinogen equivalent unit,0.0,1,Based on Unit Harmonization Paper,50000.0,1,,,,,,,,,,,,,
MEASUREMENT,MEASUREMENT_CONCEPT_ID,42870366,Fibrin D-dimer FEU [Mass/volume] in Blood by Immunoassay,44783461.0,Milligram per liter fibrinogen equivalent unit,0.0,1,Based on Unit Harmonization Paper,50000.0,1,,,,,,,,,,,,,
MEASUREMENT,MEASUREMENT_CONCEPT_ID,3012888,Diastolic blood pressure,8876.0,millimeter mercury column,0.0,1,Based on Unit Harmonization Paper,200.0,1,,,,,,,,,,,,,
MEASUREMENT,MEASUREMENT_CONCEPT_ID,4248524,Sitting diastolic blood pressure,8876.0,millimeter mercury column,0.0,1,Based on Unit Harmonization Paper,200.0,1,,,,,,,,,,,,,
MEASUREMENT,MEASUREMENT_CONCEPT_ID,44806886,Diastolic blood pressure centile,8876.0,millimeter mercury column,0.0,1,Based on Unit Harmonization Paper,200.0,1,,,,,,,,,,,,,
MEASUREMENT,MEASUREMENT_CONCEPT_ID,40486938,Diastolic blood pressure on admission,8876.0,millimeter mercury column,0.0,1,Based on Unit Harmonization Paper,200.0,1,,,,,,,,,,,,,
MEASUREMENT,MEASUREMENT_CONCEPT_ID,44789316,Ambulatory diastolic blood pressure,8876.0,millimeter mercury column,0.0,1,Based on Unit Harmonization Paper,200.0,1,,,,,,,,,,,,,
MEASUREMENT,MEASUREMENT_CONCEPT_ID,3010404,Brachial artery Diastolic blood pressure,8876.0,millimeter mercury column,0.0,1,Based on Unit Harmonization Paper,200.0,1,,,,,,,,,,,,,
MEASUREMENT,MEASUREMENT_CONCEPT_ID,4194580,24 hour diastolic blood pressure,8876.0,millimeter mercury column,0.0,1,Based on Unit Harmonization Paper,200.0,1,,,,,,,,,,,,,
MEASUREMENT,MEASUREMENT_CONCEPT_ID,4268883,Standing diastolic blood pressure,8876.0,millimeter mercury column,0.0,1,Based on Unit Harmonization Paper,200.0,1,,,,,,,,,,,,,
MEASUREMENT,MEASUREMENT_CONCEPT_ID,21492240,Diastolic blood pressure by Noninvasive,8876.0,millimeter mercury column,0.0,1,Based on Unit Harmonization Paper,200.0,1,,,,,,,,,,,,,
MEASUREMENT,MEASUREMENT_CONCEPT_ID,4152382,Target diastolic blood pressure,8876.0,millimeter mercury column,0.0,1,Based on Unit Harmonization Paper,200.0,1,,,,,,,,,,,,,
MEASUREMENT,MEASUREMENT_CONCEPT_ID,21490777,Diastolic blood pressure by Continuous non-invasive monitoring,8876.0,millimeter mercury column,0.0,1,Based on Unit Harmonization Paper,200.0,1,,,,,,,,,,,,,
MEASUREMENT,MEASUREMENT_CONCEPT_ID,35610320,Diastolic arterial pressure,8876.0,millimeter mercury column,0.0,1,Based on Unit Harmonization Paper,200.0,1,,,,,,,,,,,,,
MEASUREMENT,MEASUREMENT_CONCEPT_ID,4154790,Diastolic blood pressure,8876.0,millimeter mercury column,0.0,1,Based on Unit Harmonization Paper,200.0,1,,,,,,,,,,,,,
MEASUREMENT,MEASUREMENT_CONCEPT_ID,4236281,Lying diastolic blood pressure,8876.0,millimeter mercury column,0.0,1,Based on Unit Harmonization Paper,200.0,1,,,,,,,,,,,,,
MEASUREMENT,MEASUREMENT_CONCEPT_ID,21490851,Invasive Diastolic blood pressure,8876.0,millimeter mercury column,0.0,1,Based on Unit Harmonization Paper,200.0,1,,,,,,,,,,,,,
MEASUREMENT,MEASUREMENT_CONCEPT_ID,45769783,Diastolic blood pressure of neonate at birth,8876.0,millimeter mercury column,0.0,1,Based on Unit Harmonization Paper,200.0,1,,,,,,,,,,,,,
MEASUREMENT,MEASUREMENT_CONCEPT_ID,37399010,Baseline diastolic blood pressure,8876.0,millimeter mercury column,0.0,1,Based on Unit Harmonization Paper,200.0,1,,,,,,,,,,,,,
MEASUREMENT,MEASUREMENT_CONCEPT_ID,2212736,"Sedimentation rate, erythrocyte; non-automated",8752.0,millimeter per hour,0.0,1,Based on Unit Harmonization Paper,300.0,1,,,,,,,,,,,,,
MEASUREMENT,MEASUREMENT_CONCEPT_ID,3013707,Erythrocyte sedimentation rate by Westergren method,8752.0,millimeter per hour,0.0,1,Based on Unit Harmonization Paper,300.0,1,,,,,,,,,,,,,
MEASUREMENT,MEASUREMENT_CONCEPT_ID,3015183,Erythrocyte sedimentation rate,8752.0,millimeter per hour,0.0,1,Based on Unit Harmonization Paper,300.0,1,,,,,,,,,,,,,
MEASUREMENT,MEASUREMENT_CONCEPT_ID,3045567,Erythrocyte sedimentation rate by 15 minute reading,8752.0,millimeter per hour,0.0,1,Based on Unit Harmonization Paper,300.0,1,,,,,,,,,,,,,
MEASUREMENT,MEASUREMENT_CONCEPT_ID,4077740,"Packed RBC preparation, sedimentation",8752.0,millimeter per hour,0.0,1,Based on Unit Harmonization Paper,300.0,1,,,,,,,,,,,,,
MEASUREMENT,MEASUREMENT_CONCEPT_ID,3022521,Erythrocyte sedimentation rate by Wintrobe method,8752.0,millimeter per hour,0.0,1,Based on Unit Harmonization Paper,300.0,1,,,,,,,,,,,,,
MEASUREMENT,MEASUREMENT_CONCEPT_ID,37393853,Erythrocyte sedimentation rate,8752.0,millimeter per hour,0.0,1,Based on Unit Harmonization Paper,300.0,1,,,,,,,,,,,,,
MEASUREMENT,MEASUREMENT_CONCEPT_ID,42528622,Erythrocyte sedimentation rate by Photometric method,8752.0,millimeter per hour,0.0,1,Based on Unit Harmonization Paper,300.0,1,,,,,,,,,,,,,
MEASUREMENT,MEASUREMENT_CONCEPT_ID,2212737,"Sedimentation rate, erythrocyte; automated",8752.0,millimeter per hour,0.0,1,Based on Unit Harmonization Paper,300.0,1,,,,,,,,,,,,,
MEASUREMENT,MEASUREMENT_CONCEPT_ID,4212065,Erythrocyte sedimentation rate measurement,8752.0,millimeter per hour,0.0,1,Based on Unit Harmonization Paper,300.0,1,,,,,,,,,,,,,
MEASUREMENT,MEASUREMENT_CONCEPT_ID,3013688,Erythrocyte sedimentation rate by 2H Westergren method,8752.0,millimeter per hour,0.0,1,Based on Unit Harmonization Paper,300.0,1,,,,,,,,,,,,,
MEASUREMENT,MEASUREMENT_CONCEPT_ID,4214310,Erythrocyte sedimentation,8752.0,millimeter per hour,0.0,1,Based on Unit Harmonization Paper,300.0,1,,,,,,,,,,,,,
MEASUREMENT,MEASUREMENT_CONCEPT_ID,4016246,"Erythrocyte sedimentation rate, automated",8752.0,millimeter per hour,0.0,1,Based on Unit Harmonization Paper,300.0,1,,,,,,,,,,,,,
MEASUREMENT,MEASUREMENT_CONCEPT_ID,4272950,"Sedimentation rate, Westergren",8752.0,millimeter per hour,0.0,1,Based on Unit Harmonization Paper,300.0,1,,,,,,,,,,,,,
MEASUREMENT,MEASUREMENT_CONCEPT_ID,4284842,"Sedimentation rate, Wintrobe",8752.0,millimeter per hour,0.0,1,Based on Unit Harmonization Paper,300.0,1,,,,,,,,,,,,,
MEASUREMENT,MEASUREMENT_CONCEPT_ID,4015181,"Erythrocyte sedimentation rate, non-automated",8752.0,millimeter per hour,0.0,1,Based on Unit Harmonization Paper,300.0,1,,,,,,,,,,,,,
MEASUREMENT,MEASUREMENT_CONCEPT_ID,3010424,Ferritin [Moles/volume] in Serum or Plasma,8842.0,nanogram per milliliter,0.0,1,Based on Unit Harmonization Paper,100000.0,1,,,,,,,,,,,,,
MEASUREMENT,MEASUREMENT_CONCEPT_ID,3014636,Ferritin [Interpretation] in Blood,8842.0,nanogram per milliliter,0.0,1,Based on Unit Harmonization Paper,100000.0,1,,,,,,,,,,,,,
MEASUREMENT,MEASUREMENT_CONCEPT_ID,3001122,Ferritin [Mass/volume] in Serum or Plasma,8842.0,nanogram per milliliter,0.0,1,Based on Unit Harmonization Paper,100000.0,1,,,,,,,,,,,,,
MEASUREMENT,MEASUREMENT_CONCEPT_ID,3015242,Ferritin [Mass/volume] in Serum or Plasma by Immunoassay,8842.0,nanogram per milliliter,0.0,1,Based on Unit Harmonization Paper,100000.0,1,,,,,,,,,,,,,
MEASUREMENT,MEASUREMENT_CONCEPT_ID,3011961,Ferritin [Mass/volume] in Blood,8842.0,nanogram per milliliter,0.0,1,Based on Unit Harmonization Paper,100000.0,1,,,,,,,,,,,,,
MEASUREMENT,MEASUREMENT_CONCEPT_ID,2212701,Fibrinogen; activity,8840.0,milligram per deciliter,0.0,1,Based on Unit Harmonization Paper,20000.0,1,,,,,,,,,,,,,
MEASUREMENT,MEASUREMENT_CONCEPT_ID,3016407,Fibrinogen [Mass/volume] in Platelet poor plasma by Coagulation assay,8840.0,milligram per deciliter,0.0,1,Based on Unit Harmonization Paper,20000.0,1,,,,,,,,,,,,,
MEASUREMENT,MEASUREMENT_CONCEPT_ID,3052964,Fibrinogen [Mass/volume] in Platelet poor plasma by Coagulation.derived,8840.0,milligram per deciliter,0.0,1,Based on Unit Harmonization Paper,20000.0,1,,,,,,,,,,,,,
MEASUREMENT,MEASUREMENT_CONCEPT_ID,4094436,Fibrinogen measurement,8840.0,milligram per deciliter,0.0,1,Based on Unit Harmonization Paper,20000.0,1,,,,,,,,,,,,,
MEASUREMENT,MEASUREMENT_CONCEPT_ID,3016335,Glasgow coma score eye opening,0.0,NULL,1.0,1,Based on Unit Harmonization Paper,4.0,1,,,,,,,,,,,,,
MEASUREMENT,MEASUREMENT_CONCEPT_ID,4084277,Glasgow Coma Score eye opening subscore,0.0,NULL,1.0,1,Based on Unit Harmonization Paper,4.0,1,,,,,,,,,,,,,
MEASUREMENT,MEASUREMENT_CONCEPT_ID,4083352,Glasgow Coma Score motor response subscore,0.0,NULL,1.0,1,Based on Unit Harmonization Paper,6.0,1,,,,,,,,,,,,,
MEASUREMENT,MEASUREMENT_CONCEPT_ID,3008223,Glasgow coma score motor,0.0,NULL,1.0,1,Based on Unit Harmonization Paper,6.0,1,,,,,,,,,,,,,
MEASUREMENT,MEASUREMENT_CONCEPT_ID,4084912,Glasgow Coma Score verbal response subscore,0.0,NULL,1.0,1,Based on Unit Harmonization Paper,5.0,1,,,,,,,,,,,,,
MEASUREMENT,MEASUREMENT_CONCEPT_ID,3009094,Glasgow coma score verbal,0.0,NULL,1.0,1,Based on Unit Harmonization Paper,5.0,1,,,,,,,,,,,,,
MEASUREMENT,MEASUREMENT_CONCEPT_ID,3004501,Glucose [Mass/volume] in Serum or Plasma,8840.0,milligram per deciliter,0.0,1,Based on Unit Harmonization Paper,1000.0,1,,,,,,,,,,,,,
MEASUREMENT,MEASUREMENT_CONCEPT_ID,3013826,Glucose [Moles/volume] in Serum or Plasma,8840.0,milligram per deciliter,0.0,1,Based on Unit Harmonization Paper,1000.0,1,,,,,,,,,,,,,
MEASUREMENT,MEASUREMENT_CONCEPT_ID,3014053,Glucose [Mass/volume] in Blood by Test strip manual,8840.0,milligram per deciliter,0.0,1,Based on Unit Harmonization Paper,1000.0,1,,,,,,,,,,,,,
MEASUREMENT,MEASUREMENT_CONCEPT_ID,3034962,Glucose [Mass/volume] in Capillary blood by Glucometer,8840.0,milligram per deciliter,0.0,1,Based on Unit Harmonization Paper,1000.0,1,,,,,,,,,,,,,
MEASUREMENT,MEASUREMENT_CONCEPT_ID,43055143,Glucose [Moles/volume] in Blood by Automated test strip,8840.0,milligram per deciliter,0.0,1,Based on Unit Harmonization Paper,1000.0,1,,,,,,,,,,,,,
MEASUREMENT,MEASUREMENT_CONCEPT_ID,44816672,"Glucose [Mass/volume] in Serum, Plasma or Blood",8840.0,milligram per deciliter,0.0,1,Based on Unit Harmonization Paper,1000.0,1,,,,,,,,,,,,,
MEASUREMENT,MEASUREMENT_CONCEPT_ID,46236948,"Glucose [Moles/volume] in Serum, Plasma or Blood",8840.0,milligram per deciliter,0.0,1,Based on Unit Harmonization Paper,1000.0,1,,,,,,,,,,,,,
MEASUREMENT,MEASUREMENT_CONCEPT_ID,3000483,Glucose [Mass/volume] in Blood,8840.0,milligram per deciliter,0.0,1,Based on Unit Harmonization Paper,1000.0,1,,,,,,,,,,,,,
MEASUREMENT,MEASUREMENT_CONCEPT_ID,3033408,Glucose [Mass/volume] in Venous blood,8840.0,milligram per deciliter,0.0,1,Based on Unit Harmonization Paper,1000.0,1,,,,,,,,,,,,,
MEASUREMENT,MEASUREMENT_CONCEPT_ID,3044242,Glucose [Moles/volume] in Arterial blood,8840.0,milligram per deciliter,0.0,1,Based on Unit Harmonization Paper,1000.0,1,,,,,,,,,,,,,
MEASUREMENT,MEASUREMENT_CONCEPT_ID,3001501,Glucose [Moles/volume] in Capillary blood by Glucometer,8840.0,milligram per deciliter,0.0,1,Based on Unit Harmonization Paper,1000.0,1,,,,,,,,,,,,,
MEASUREMENT,MEASUREMENT_CONCEPT_ID,3011424,Glucose [Mass/volume] in Blood by Automated test strip,8840.0,milligram per deciliter,0.0,1,Based on Unit Harmonization Paper,1000.0,1,,,,,,,,,,,,,
MEASUREMENT,MEASUREMENT_CONCEPT_ID,3040151,Glucose [Moles/volume] in Capillary blood,8840.0,milligram per deciliter,0.0,1,Based on Unit Harmonization Paper,1000.0,1,,,,,,,,,,,,,
MEASUREMENT,MEASUREMENT_CONCEPT_ID,3004077,Glucose [Mass/volume] in Capillary blood,8840.0,milligram per deciliter,0.0,1,Based on Unit Harmonization Paper,1000.0,1,,,,,,,,,,,,,
MEASUREMENT,MEASUREMENT_CONCEPT_ID,3031266,Glucose [Mass/volume] in Arterial blood,8840.0,milligram per deciliter,0.0,1,Based on Unit Harmonization Paper,1000.0,1,,,,,,,,,,,,,
MEASUREMENT,MEASUREMENT_CONCEPT_ID,1002230,Glucose [Mass/volume] mean in Serum or Plasma,8840.0,milligram per deciliter,0.0,1,Based on Unit Harmonization Paper,1000.0,1,,,,,,,,,,,,,
MEASUREMENT,MEASUREMENT_CONCEPT_ID,3020491,Glucose [Moles/volume] in Blood,8840.0,milligram per deciliter,0.0,1,Based on Unit Harmonization Paper,1000.0,1,,,,,,,,,,,,,
MEASUREMENT,MEASUREMENT_CONCEPT_ID,3038515,Glucose [Moles/volume] in Venous blood,8840.0,milligram per deciliter,0.0,1,Based on Unit Harmonization Paper,1000.0,1,,,,,,,,,,,,,
MEASUREMENT,MEASUREMENT_CONCEPT_ID,3001376,Heart rate by Pulse oximetry,8483.0,counts per minute,0.0,1,Based on Unit Harmonization Paper,500.0,1,,,,,,,,,,,,,
MEASUREMENT,MEASUREMENT_CONCEPT_ID,3027018,Heart rate,8483.0,counts per minute,0.0,1,Based on Unit Harmonization Paper,500.0,1,,,,,,,,,,,,,
MEASUREMENT,MEASUREMENT_CONCEPT_ID,4180591,Posterior tibial pulse rate,8483.0,counts per minute,0.0,1,Based on Unit Harmonization Paper,500.0,1,,,,,,,,,,,,,
MEASUREMENT,MEASUREMENT_CONCEPT_ID,4301868,Pulse rate,8483.0,counts per minute,0.0,1,Based on Unit Harmonization Paper,500.0,1,,,,,,,,,,,,,
MEASUREMENT,MEASUREMENT_CONCEPT_ID,36308212,Heart rate measured by palpation or auscultation,8483.0,counts per minute,0.0,1,Based on Unit Harmonization Paper,500.0,1,,,,,,,,,,,,,
MEASUREMENT,MEASUREMENT_CONCEPT_ID,40771524,Heart rate --supine,8483.0,counts per minute,0.0,1,Based on Unit Harmonization Paper,500.0,1,,,,,,,,,,,,,
MEASUREMENT,MEASUREMENT_CONCEPT_ID,44809032,Radial pulse rate,8483.0,counts per minute,0.0,1,Based on Unit Harmonization Paper,500.0,1,,,,,,,,,,,,,
MEASUREMENT,MEASUREMENT_CONCEPT_ID,3022318,Heart rate rhythm,8483.0,counts per minute,0.0,1,Based on Unit Harmonization Paper,500.0,1,,,,,,,,,,,,,
MEASUREMENT,MEASUREMENT_CONCEPT_ID,4160327,Heart rate on admission,8483.0,counts per minute,0.0,1,Based on Unit Harmonization Paper,500.0,1,,,,,,,,,,,,,
MEASUREMENT,MEASUREMENT_CONCEPT_ID,40771525,Heart rate --sitting,8483.0,counts per minute,0.0,1,Based on Unit Harmonization Paper,500.0,1,,,,,,,,,,,,,
MEASUREMENT,MEASUREMENT_CONCEPT_ID,42527141,Heart rate by Transthoracic impedance,8483.0,counts per minute,0.0,1,Based on Unit Harmonization Paper,500.0,1,,,,,,,,,,,,,
MEASUREMENT,MEASUREMENT_CONCEPT_ID,44809186,Target pulse rate,8483.0,counts per minute,0.0,1,Based on Unit Harmonization Paper,500.0,1,,,,,,,,,,,,,
MEASUREMENT,MEASUREMENT_CONCEPT_ID,44809188,Minimum pulse rate,8483.0,counts per minute,0.0,1,Based on Unit Harmonization Paper,500.0,1,,,,,,,,,,,,,
MEASUREMENT,MEASUREMENT_CONCEPT_ID,3000276,Heart rate Peripheral artery by US.doppler,8483.0,counts per minute,0.0,1,Based on Unit Harmonization Paper,500.0,1,,,,,,,,,,,,,
MEASUREMENT,MEASUREMENT_CONCEPT_ID,3013883,Heart rate at First encounter,8483.0,counts per minute,0.0,1,Based on Unit Harmonization Paper,500.0,1,,,,,,,,,,,,,
MEASUREMENT,MEASUREMENT_CONCEPT_ID,4226234,Brachial pulse rate,8483.0,counts per minute,0.0,1,Based on Unit Harmonization Paper,500.0,1,,,,,,,,,,,,,
MEASUREMENT,MEASUREMENT_CONCEPT_ID,4239408,Heart rate,8483.0,counts per minute,0.0,1,Based on Unit Harmonization Paper,500.0,1,,,,,,,,,,,,,
MEASUREMENT,MEASUREMENT_CONCEPT_ID,35610095,Heart apex beat rate,8483.0,counts per minute,0.0,1,Based on Unit Harmonization Paper,500.0,1,,,,,,,,,,,,,
MEASUREMENT,MEASUREMENT_CONCEPT_ID,36308043,Heart rate measured by automated device,8483.0,counts per minute,0.0,1,Based on Unit Harmonization Paper,500.0,1,,,,,,,,,,,,,
MEASUREMENT,MEASUREMENT_CONCEPT_ID,3023766,Heart rate Cardiac apex by palpation,8483.0,counts per minute,0.0,1,Based on Unit Harmonization Paper,500.0,1,,,,,,,,,,,,,
MEASUREMENT,MEASUREMENT_CONCEPT_ID,4176472,Target heart rate,8483.0,counts per minute,0.0,1,Based on Unit Harmonization Paper,500.0,1,,,,,,,,,,,,,
MEASUREMENT,MEASUREMENT_CONCEPT_ID,40769763,Heart rate Peripheral artery by palpation --resting,8483.0,counts per minute,0.0,1,Based on Unit Harmonization Paper,500.0,1,,,,,,,,,,,,,
MEASUREMENT,MEASUREMENT_CONCEPT_ID,44809187,Maximum pulse rate,8483.0,counts per minute,0.0,1,Based on Unit Harmonization Paper,500.0,1,,,,,,,,,,,,,
MEASUREMENT,MEASUREMENT_CONCEPT_ID,45771268,Baseline heart rate,8483.0,counts per minute,0.0,1,Based on Unit Harmonization Paper,500.0,1,,,,,,,,,,,,,
MEASUREMENT,MEASUREMENT_CONCEPT_ID,3003841,Heart rate Peripheral artery by palpation,8483.0,counts per minute,0.0,1,Based on Unit Harmonization Paper,500.0,1,,,,,,,,,,,,,
MEASUREMENT,MEASUREMENT_CONCEPT_ID,3023233,Heart rate Cardiac apex by Auscultation,8483.0,counts per minute,0.0,1,Based on Unit Harmonization Paper,500.0,1,,,,,,,,,,,,,
MEASUREMENT,MEASUREMENT_CONCEPT_ID,3040891,Heart rate --resting,8483.0,counts per minute,0.0,1,Based on Unit Harmonization Paper,500.0,1,,,,,,,,,,,,,
MEASUREMENT,MEASUREMENT_CONCEPT_ID,4324890,Dorsalis pedis pulse rate,8483.0,counts per minute,0.0,1,Based on Unit Harmonization Paper,500.0,1,,,,,,,,,,,,,
MEASUREMENT,MEASUREMENT_CONCEPT_ID,21490670,Heart rate Intra arterial line by Invasive,8483.0,counts per minute,0.0,1,Based on Unit Harmonization Paper,500.0,1,,,,,,,,,,,,,
MEASUREMENT,MEASUREMENT_CONCEPT_ID,21490736,Heart rate by Noninvasive,8483.0,counts per minute,0.0,1,Based on Unit Harmonization Paper,500.0,1,,,,,,,,,,,,,
MEASUREMENT,MEASUREMENT_CONCEPT_ID,40481601,Resting heart rate,8483.0,counts per minute,0.0,1,Based on Unit Harmonization Paper,500.0,1,,,,,,,,,,,,,
MEASUREMENT,MEASUREMENT_CONCEPT_ID,40771526,Heart rate --standing,8483.0,counts per minute,0.0,1,Based on Unit Harmonization Paper,500.0,1,,,,,,,,,,,,,
MEASUREMENT,MEASUREMENT_CONCEPT_ID,3014149,Body height --lying,9546.0,meter,0.0,1,Based on Unit Harmonization Paper,3.0,1,,,,,,,,,,,,,
MEASUREMENT,MEASUREMENT_CONCEPT_ID,3019171,Body height Stated,9546.0,meter,0.0,1,Based on Unit Harmonization Paper,3.0,1,,,,,,,,,,,,,
MEASUREMENT,MEASUREMENT_CONCEPT_ID,3023540,Body height Measured,9546.0,meter,0.0,1,Based on Unit Harmonization Paper,3.0,1,,,,,,,,,,,,,
MEASUREMENT,MEASUREMENT_CONCEPT_ID,4177340,Body height measure,9546.0,meter,0.0,1,Based on Unit Harmonization Paper,3.0,1,,,,,,,,,,,,,
MEASUREMENT,MEASUREMENT_CONCEPT_ID,3015514,Body height --standing,9546.0,meter,0.0,1,Based on Unit Harmonization Paper,3.0,1,,,,,,,,,,,,,
MEASUREMENT,MEASUREMENT_CONCEPT_ID,3036277,Body height,9546.0,meter,0.0,1,Based on Unit Harmonization Paper,3.0,1,,,,,,,,,,,,,
MEASUREMENT,MEASUREMENT_CONCEPT_ID,3004410,Hemoglobin A1c/Hemoglobin.total in Blood,8554.0,percent,0.0,1,Based on Unit Harmonization Paper,25.0,1,,,,,,,,,,,,,
MEASUREMENT,MEASUREMENT_CONCEPT_ID,3007263,Hemoglobin A1c/Hemoglobin.total in Blood by calculation,8554.0,percent,0.0,1,Based on Unit Harmonization Paper,25.0,1,,,,,,,,,,,,,
MEASUREMENT,MEASUREMENT_CONCEPT_ID,40762352,Hemoglobin A1c/Hemoglobin.total in Blood by IFCC protocol,8554.0,percent,0.0,1,Based on Unit Harmonization Paper,25.0,1,,,,,,,,,,,,,
MEASUREMENT,MEASUREMENT_CONCEPT_ID,3003309,Hemoglobin A1c/Hemoglobin.total in Blood by Electrophoresis,8554.0,percent,0.0,1,Based on Unit Harmonization Paper,25.0,1,,,,,,,,,,,,,
MEASUREMENT,MEASUREMENT_CONCEPT_ID,3005673,Hemoglobin A1c/Hemoglobin.total in Blood by HPLC,8554.0,percent,0.0,1,Based on Unit Harmonization Paper,25.0,1,,,,,,,,,,,,,
MEASUREMENT,MEASUREMENT_CONCEPT_ID,40765129,Hemoglobin A1c/Hemoglobin.total in Blood by JDS/JSCC protocol,8554.0,percent,0.0,1,Based on Unit Harmonization Paper,25.0,1,,,,,,,,,,,,,
MEASUREMENT,MEASUREMENT_CONCEPT_ID,42869630,Hemoglobin A1c/Hemoglobin.total [Pure mass fraction] in Blood,8554.0,percent,0.0,1,Based on Unit Harmonization Paper,25.0,1,,,,,,,,,,,,,
MEASUREMENT,MEASUREMENT_CONCEPT_ID,3002173,Hemoglobin [Mass/volume] in Arterial blood,8713.0,gram per deciliter,1.0,1,Based on Unit Harmonization Paper,30.0,1,,,,,,,,,,,,,
MEASUREMENT,MEASUREMENT_CONCEPT_ID,3004119,Hemoglobin [Mass/volume] in Venous blood,8713.0,gram per deciliter,1.0,1,Based on Unit Harmonization Paper,30.0,1,,,,,,,,,,,,,
MEASUREMENT,MEASUREMENT_CONCEPT_ID,40758903,Hemoglobin [Mass/volume] in Blood by Oximetry,8713.0,gram per deciliter,1.0,1,Based on Unit Harmonization Paper,30.0,1,,,,,,,,,,,,,
MEASUREMENT,MEASUREMENT_CONCEPT_ID,3000963,Hemoglobin [Mass/volume] in Blood,8713.0,gram per deciliter,1.0,1,Based on Unit Harmonization Paper,30.0,1,,,,,,,,,,,,,
MEASUREMENT,MEASUREMENT_CONCEPT_ID,3006184,Hemoglobin [Mass/volume] in Capillary blood,8713.0,gram per deciliter,1.0,1,Based on Unit Harmonization Paper,30.0,1,,,,,,,,,,,,,
MEASUREMENT,MEASUREMENT_CONCEPT_ID,3007302,Hemoglobin [Mass/volume] in Mixed venous blood,8713.0,gram per deciliter,1.0,1,Based on Unit Harmonization Paper,30.0,1,,,,,,,,,,,,,
MEASUREMENT,MEASUREMENT_CONCEPT_ID,40762351,Hemoglobin [Moles/volume] in Blood,8713.0,gram per deciliter,1.0,1,Based on Unit Harmonization Paper,30.0,1,,,,,,,,,,,,,
MEASUREMENT,MEASUREMENT_CONCEPT_ID,3044155,Interleukin 6 [Presence] in Serum or Plasma,8845.0,picogram per milliliter,0.0,1,Based on Unit Harmonization Paper,60000.0,1,,,,,,,,,,,,,
MEASUREMENT,MEASUREMENT_CONCEPT_ID,4332015,IL-6 assay,8845.0,picogram per milliliter,0.0,1,Based on Unit Harmonization Paper,60000.0,1,,,,,,,,,,,,,
MEASUREMENT,MEASUREMENT_CONCEPT_ID,4150054,Interleukin-6,8845.0,picogram per milliliter,0.0,1,Based on Unit Harmonization Paper,60000.0,1,,,,,,,,,,,,,
MEASUREMENT,MEASUREMENT_CONCEPT_ID,3023091,Interleukin 6 [Mass/volume] in Serum or Plasma,8845.0,picogram per milliliter,0.0,1,Based on Unit Harmonization Paper,60000.0,1,,,,,,,,,,,,,
MEASUREMENT,MEASUREMENT_CONCEPT_ID,3005783,Lactate dehydrogenase 1 [Enzymatic activity/volume] in Serum or Plasma,8645.0,unit per liter,0.0,1,Based on Unit Harmonization Paper,1000000.0,1,,,,,,,,,,,,,
MEASUREMENT,MEASUREMENT_CONCEPT_ID,3017861,Lactate dehydrogenase 2 [Enzymatic activity/volume] in Serum or Plasma,8645.0,unit per liter,0.0,1,Based on Unit Harmonization Paper,1000000.0,1,,,,,,,,,,,,,
MEASUREMENT,MEASUREMENT_CONCEPT_ID,37208795,Lactate dehydrogenase enzyme activity in plasma,8645.0,unit per liter,0.0,1,Based on Unit Harmonization Paper,1000000.0,1,,,,,,,,,,,,,
MEASUREMENT,MEASUREMENT_CONCEPT_ID,3025124,Lactate dehydrogenase 4 [Enzymatic activity/volume] in Serum or Plasma,8645.0,unit per liter,0.0,1,Based on Unit Harmonization Paper,1000000.0,1,,,,,,,,,,,,,
MEASUREMENT,MEASUREMENT_CONCEPT_ID,37208802,Lactate dehydrogenase 1 enzyme activity in plasma,8645.0,unit per liter,0.0,1,Based on Unit Harmonization Paper,1000000.0,1,,,,,,,,,,,,,
MEASUREMENT,MEASUREMENT_CONCEPT_ID,3027010,Lactate dehydrogenase 5 [Enzymatic activity/volume] in Serum or Plasma,8645.0,unit per liter,0.0,1,Based on Unit Harmonization Paper,1000000.0,1,,,,,,,,,,,,,
MEASUREMENT,MEASUREMENT_CONCEPT_ID,37208803,Lactate dehydrogenase 2 enzyme activity in plasma,8645.0,unit per liter,0.0,1,Based on Unit Harmonization Paper,1000000.0,1,,,,,,,,,,,,,
MEASUREMENT,MEASUREMENT_CONCEPT_ID,3006769,Lactate dehydrogenase 3 [Enzymatic activity/volume] in Serum or Plasma,8645.0,unit per liter,0.0,1,Based on Unit Harmonization Paper,1000000.0,1,,,,,,,,,,,,,
MEASUREMENT,MEASUREMENT_CONCEPT_ID,3022250,Lactate dehydrogenase [Enzymatic activity/volume] in Serum or Plasma by Lactate to pyruvate reaction,8645.0,unit per liter,0.0,1,Based on Unit Harmonization Paper,1000000.0,1,,,,,,,,,,,,,
MEASUREMENT,MEASUREMENT_CONCEPT_ID,37208804,Lactate dehydrogenase 3 enzyme activity in plasma,8645.0,unit per liter,0.0,1,Based on Unit Harmonization Paper,1000000.0,1,,,,,,,,,,,,,
MEASUREMENT,MEASUREMENT_CONCEPT_ID,37208805,Lactate dehydrogenase 4 enzyme activity in plasma,8645.0,unit per liter,0.0,1,Based on Unit Harmonization Paper,1000000.0,1,,,,,,,,,,,,,
MEASUREMENT,MEASUREMENT_CONCEPT_ID,37208806,Lactate dehydrogenase 5 enzyme activity in plasma,8645.0,unit per liter,0.0,1,Based on Unit Harmonization Paper,1000000.0,1,,,,,,,,,,,,,
MEASUREMENT,MEASUREMENT_CONCEPT_ID,3003519,D-Lactate [Moles/volume] in Serum or Plasma --1st specimen post excercise,8753.0,millimole per liter,0.0,1,Based on Unit Harmonization Paper,100.0,1,,,,,,,,,,,,,
MEASUREMENT,MEASUREMENT_CONCEPT_ID,3005491,Lactate [Moles/volume] in Plasma venous,8753.0,millimole per liter,0.0,1,Based on Unit Harmonization Paper,100.0,1,,,,,,,,,,,,,
MEASUREMENT,MEASUREMENT_CONCEPT_ID,3005654,Lactate [Mass/volume] in Blood --2 hours post XXX challenge,8753.0,millimole per liter,0.0,1,Based on Unit Harmonization Paper,100.0,1,,,,,,,,,,,,,
MEASUREMENT,MEASUREMENT_CONCEPT_ID,40760473,Lactate [Mass/volume] in Serum or Plasma --3 hours post XXX challenge,8753.0,millimole per liter,0.0,1,Based on Unit Harmonization Paper,100.0,1,,,,,,,,,,,,,
MEASUREMENT,MEASUREMENT_CONCEPT_ID,40760839,Lactate [Mass/volume] in Serum or Plasma --40 minutes post XXX challenge,8753.0,millimole per liter,0.0,1,Based on Unit Harmonization Paper,100.0,1,,,,,,,,,,,,,
MEASUREMENT,MEASUREMENT_CONCEPT_ID,3003018,D-Lactate [Moles/volume] in Serum or Plasma --Pre excercise,8753.0,millimole per liter,0.0,1,Based on Unit Harmonization Paper,100.0,1,,,,,,,,,,,,,
MEASUREMENT,MEASUREMENT_CONCEPT_ID,3020138,Lactate [Mass/volume] in Serum or Plasma,8753.0,millimole per liter,0.0,1,Based on Unit Harmonization Paper,100.0,1,,,,,,,,,,,,,
MEASUREMENT,MEASUREMENT_CONCEPT_ID,3020410,Lactate [Moles/volume] in Arterial plasma,8753.0,millimole per liter,0.0,1,Based on Unit Harmonization Paper,100.0,1,,,,,,,,,,,,,
MEASUREMENT,MEASUREMENT_CONCEPT_ID,3028271,Lactate [Moles/volume] in Capillary blood,8753.0,millimole per liter,0.0,1,Based on Unit Harmonization Paper,100.0,1,,,,,,,,,,,,,
MEASUREMENT,MEASUREMENT_CONCEPT_ID,3035561,Lactate [Mass/volume] in Arterial blood,8753.0,millimole per liter,0.0,1,Based on Unit Harmonization Paper,100.0,1,,,,,,,,,,,,,
MEASUREMENT,MEASUREMENT_CONCEPT_ID,3047181,Lactate [Moles/volume] in Blood,8753.0,millimole per liter,0.0,1,Based on Unit Harmonization Paper,100.0,1,,,,,,,,,,,,,
MEASUREMENT,MEASUREMENT_CONCEPT_ID,40760478,Lactate [Mass/volume] in Serum or Plasma --1 hour post XXX challenge,8753.0,millimole per liter,0.0,1,Based on Unit Harmonization Paper,100.0,1,,,,,,,,,,,,,
MEASUREMENT,MEASUREMENT_CONCEPT_ID,40760479,Lactate [Mass/volume] in Serum or Plasma --1.5 hours post XXX challenge,8753.0,millimole per liter,0.0,1,Based on Unit Harmonization Paper,100.0,1,,,,,,,,,,,,,
MEASUREMENT,MEASUREMENT_CONCEPT_ID,40762104,Lactate [Moles/volume] in Serum or Plasma --10 minutes post XXX challenge,8753.0,millimole per liter,0.0,1,Based on Unit Harmonization Paper,100.0,1,,,,,,,,,,,,,
MEASUREMENT,MEASUREMENT_CONCEPT_ID,40762910,Lactate [Moles/volume] in Serum or Plasma --post exercise,8753.0,millimole per liter,0.0,1,Based on Unit Harmonization Paper,100.0,1,,,,,,,,,,,,,
MEASUREMENT,MEASUREMENT_CONCEPT_ID,3000143,D-Lactate [Moles/volume] in Serum or Plasma --6th specimen post excercise,8753.0,millimole per liter,0.0,1,Based on Unit Harmonization Paper,100.0,1,,,,,,,,,,,,,
MEASUREMENT,MEASUREMENT_CONCEPT_ID,3008037,Lactate [Moles/volume] in Venous blood,8753.0,millimole per liter,0.0,1,Based on Unit Harmonization Paper,100.0,1,,,,,,,,,,,,,
MEASUREMENT,MEASUREMENT_CONCEPT_ID,3009693,Lactate [Mass/volume] in Blood --fasting,8753.0,millimole per liter,0.0,1,Based on Unit Harmonization Paper,100.0,1,,,,,,,,,,,,,
MEASUREMENT,MEASUREMENT_CONCEPT_ID,3014111,Lactate [Moles/volume] in Serum or Plasma,8753.0,millimole per liter,0.0,1,Based on Unit Harmonization Paper,100.0,1,,,,,,,,,,,,,
MEASUREMENT,MEASUREMENT_CONCEPT_ID,3014642,D-Lactate [Moles/volume] in Serum or Plasma --2nd specimen post excercise,8753.0,millimole per liter,0.0,1,Based on Unit Harmonization Paper,100.0,1,,,,,,,,,,,,,
MEASUREMENT,MEASUREMENT_CONCEPT_ID,3021063,D-Lactate [Moles/volume] in Serum or Plasma --4th specimen post excercise,8753.0,millimole per liter,0.0,1,Based on Unit Harmonization Paper,100.0,1,,,,,,,,,,,,,
MEASUREMENT,MEASUREMENT_CONCEPT_ID,3023331,Lactate [Mass/volume] in Blood --1 hour post XXX challenge,8753.0,millimole per liter,0.0,1,Based on Unit Harmonization Paper,100.0,1,,,,,,,,,,,,,
MEASUREMENT,MEASUREMENT_CONCEPT_ID,3029288,Lactate [Moles/volume] in Serum or Plasma --pre or post XXX challenge,8753.0,millimole per liter,0.0,1,Based on Unit Harmonization Paper,100.0,1,,,,,,,,,,,,,
MEASUREMENT,MEASUREMENT_CONCEPT_ID,40760475,Lactate [Mass/volume] in Serum or Plasma --3 minutes post XXX challenge,8753.0,millimole per liter,0.0,1,Based on Unit Harmonization Paper,100.0,1,,,,,,,,,,,,,
MEASUREMENT,MEASUREMENT_CONCEPT_ID,40760476,Lactate [Mass/volume] in Serum or Plasma --30 minutes post XXX challenge,8753.0,millimole per liter,0.0,1,Based on Unit Harmonization Paper,100.0,1,,,,,,,,,,,,,
MEASUREMENT,MEASUREMENT_CONCEPT_ID,40762098,Lactate [Moles/volume] in Serum or Plasma --1 minute post XXX challenge,8753.0,millimole per liter,0.0,1,Based on Unit Harmonization Paper,100.0,1,,,,,,,,,,,,,
MEASUREMENT,MEASUREMENT_CONCEPT_ID,40762099,Lactate [Moles/volume] in Serum or Plasma --3 minutes post XXX challenge,8753.0,millimole per liter,0.0,1,Based on Unit Harmonization Paper,100.0,1,,,,,,,,,,,,,
MEASUREMENT,MEASUREMENT_CONCEPT_ID,40762100,Lactate [Moles/volume] in Serum or Plasma --5 minutes post XXX challenge,8753.0,millimole per liter,0.0,1,Based on Unit Harmonization Paper,100.0,1,,,,,,,,,,,,,
MEASUREMENT,MEASUREMENT_CONCEPT_ID,3002106,Lactate [Mass/volume] in Venous blood,8753.0,millimole per liter,0.0,1,Based on Unit Harmonization Paper,100.0,1,,,,,,,,,,,,,
MEASUREMENT,MEASUREMENT_CONCEPT_ID,3005303,Lactate [Mass/volume] in Blood --3 hours post XXX challenge,8753.0,millimole per liter,0.0,1,Based on Unit Harmonization Paper,100.0,1,,,,,,,,,,,,,
MEASUREMENT,MEASUREMENT_CONCEPT_ID,3005949,Lactate [Moles/volume] in Mixed venous blood,8753.0,millimole per liter,0.0,1,Based on Unit Harmonization Paper,100.0,1,,,,,,,,,,,,,
MEASUREMENT,MEASUREMENT_CONCEPT_ID,3020156,D-Lactate [Moles/volume] in Serum or Plasma,8753.0,millimole per liter,0.0,1,Based on Unit Harmonization Paper,100.0,1,,,,,,,,,,,,,
MEASUREMENT,MEASUREMENT_CONCEPT_ID,3021085,D-Lactate [Moles/volume] in Serum or Plasma --3rd specimen post excercise,8753.0,millimole per liter,0.0,1,Based on Unit Harmonization Paper,100.0,1,,,,,,,,,,,,,
MEASUREMENT,MEASUREMENT_CONCEPT_ID,40760471,Lactate [Mass/volume] in Serum or Plasma --10 minutes post XXX challenge,8753.0,millimole per liter,0.0,1,Based on Unit Harmonization Paper,100.0,1,,,,,,,,,,,,,
MEASUREMENT,MEASUREMENT_CONCEPT_ID,40760472,Lactate [Mass/volume] in Serum or Plasma --2 hours post XXX challenge,8753.0,millimole per liter,0.0,1,Based on Unit Harmonization Paper,100.0,1,,,,,,,,,,,,,
MEASUREMENT,MEASUREMENT_CONCEPT_ID,40760480,Lactate [Mass/volume] in Serum or Plasma --pre XXX challenge,8753.0,millimole per liter,0.0,1,Based on Unit Harmonization Paper,100.0,1,,,,,,,,,,,,,
MEASUREMENT,MEASUREMENT_CONCEPT_ID,40760840,Lactate [Mass/volume] in Serum or Plasma --6 minutes post XXX challenge,8753.0,millimole per liter,0.0,1,Based on Unit Harmonization Paper,100.0,1,,,,,,,,,,,,,
MEASUREMENT,MEASUREMENT_CONCEPT_ID,40762097,Lactate [Moles/volume] in Serum or Plasma --baseline,8753.0,millimole per liter,0.0,1,Based on Unit Harmonization Paper,100.0,1,,,,,,,,,,,,,
MEASUREMENT,MEASUREMENT_CONCEPT_ID,40762105,Lactate [Moles/volume] in Serum or Plasma --15 minutes post XXX challenge,8753.0,millimole per liter,0.0,1,Based on Unit Harmonization Paper,100.0,1,,,,,,,,,,,,,
MEASUREMENT,MEASUREMENT_CONCEPT_ID,40771457,Lactate [Mass/volume] in Serum or Plasma --post exercise,8753.0,millimole per liter,0.0,1,Based on Unit Harmonization Paper,100.0,1,,,,,,,,,,,,,
MEASUREMENT,MEASUREMENT_CONCEPT_ID,46234842,Lactate [Moles/volume] in Capillary blood from Fetus by Test strip,8753.0,millimole per liter,0.0,1,Based on Unit Harmonization Paper,100.0,1,,,,,,,,,,,,,
MEASUREMENT,MEASUREMENT_CONCEPT_ID,3005128,D-Lactate [Moles/volume] in Serum or Plasma --5th specimen post excercise,8753.0,millimole per liter,0.0,1,Based on Unit Harmonization Paper,100.0,1,,,,,,,,,,,,,
MEASUREMENT,MEASUREMENT_CONCEPT_ID,3005461,Lactate [Mass/volume] in Blood --4 hours post XXX challenge,8753.0,millimole per liter,0.0,1,Based on Unit Harmonization Paper,100.0,1,,,,,,,,,,,,,
MEASUREMENT,MEASUREMENT_CONCEPT_ID,3018405,Lactate [Moles/volume] in Arterial blood,8753.0,millimole per liter,0.0,1,Based on Unit Harmonization Paper,100.0,1,,,,,,,,,,,,,
MEASUREMENT,MEASUREMENT_CONCEPT_ID,3040968,Lactate [Mass/volume] in Capillary blood,8753.0,millimole per liter,0.0,1,Based on Unit Harmonization Paper,100.0,1,,,,,,,,,,,,,
MEASUREMENT,MEASUREMENT_CONCEPT_ID,40759053,Lactate [Moles/volume] in Cord blood,8753.0,millimole per liter,0.0,1,Based on Unit Harmonization Paper,100.0,1,,,,,,,,,,,,,
MEASUREMENT,MEASUREMENT_CONCEPT_ID,40760474,Lactate [Mass/volume] in Serum or Plasma --20 minutes post XXX challenge,8753.0,millimole per liter,0.0,1,Based on Unit Harmonization Paper,100.0,1,,,,,,,,,,,,,
MEASUREMENT,MEASUREMENT_CONCEPT_ID,40760477,Lactate [Mass/volume] in Serum or Plasma --5 minutes post XXX challenge,8753.0,millimole per liter,0.0,1,Based on Unit Harmonization Paper,100.0,1,,,,,,,,,,,,,
MEASUREMENT,MEASUREMENT_CONCEPT_ID,40762106,Lactate [Moles/volume] in Serum or Plasma --30 minutes post XXX challenge,8753.0,millimole per liter,0.0,1,Based on Unit Harmonization Paper,100.0,1,,,,,,,,,,,,,
MEASUREMENT,MEASUREMENT_CONCEPT_ID,40762125,Lactate [Mass/volume] in Blood,8753.0,millimole per liter,0.0,1,Based on Unit Harmonization Paper,100.0,1,,,,,,,,,,,,,
MEASUREMENT,MEASUREMENT_CONCEPT_ID,40760470,Lactate [Mass/volume] in Serum or Plasma --1 minute post XXX challenge,8753.0,millimole per liter,0.0,1,Based on Unit Harmonization Paper,100.0,1,,,,,,,,,,,,,
MEASUREMENT,MEASUREMENT_CONCEPT_ID,3003215,Lymphocytes [#/volume] in Blood by Manual count,8848.0,thousand per microliter,0.0,1,Based on Unit Harmonization Paper,5000.0,1,,,,,,,,,,,,,
MEASUREMENT,MEASUREMENT_CONCEPT_ID,3004327,Lymphocytes [#/volume] in Blood by Automated count,8848.0,thousand per microliter,0.0,1,Based on Unit Harmonization Paper,5000.0,1,,,,,,,,,,,,,
MEASUREMENT,MEASUREMENT_CONCEPT_ID,3019198,Lymphocytes [#/volume] in Blood,8848.0,thousand per microliter,0.0,1,Based on Unit Harmonization Paper,5000.0,1,,,,,,,,,,,,,
MEASUREMENT,MEASUREMENT_CONCEPT_ID,3026710,Lymphocytes [#/volume] in Blood by Flow cytometry (FC),8848.0,thousand per microliter,0.0,1,Based on Unit Harmonization Paper,5000.0,1,,,,,,,,,,,,,
MEASUREMENT,MEASUREMENT_CONCEPT_ID,3002030,Lymphocytes/100 leukocytes in Blood,8554.0,percent,0.0,1,Based on Unit Harmonization Paper,100.0,1,,,,,,,,,,,,,
MEASUREMENT,MEASUREMENT_CONCEPT_ID,3012323,Lymphocytes/100 leukocytes in Blood by Flow cytometry (FC),8554.0,percent,0.0,1,Based on Unit Harmonization Paper,100.0,1,,,,,,,,,,,,,
MEASUREMENT,MEASUREMENT_CONCEPT_ID,3037511,Lymphocytes/100 leukocytes in Blood by Automated count,8554.0,percent,0.0,1,Based on Unit Harmonization Paper,100.0,1,,,,,,,,,,,,,
MEASUREMENT,MEASUREMENT_CONCEPT_ID,3038058,Lymphocytes/100 leukocytes in Blood by Manual count,8554.0,percent,0.0,1,Based on Unit Harmonization Paper,100.0,1,,,,,,,,,,,,,
MEASUREMENT,MEASUREMENT_CONCEPT_ID,3012526,Mean blood pressure--sitting,8876.0,millimeter mercury column,20.0,1,Based on Unit Harmonization Paper,300.0,1,,,,,,,,,,,,,
MEASUREMENT,MEASUREMENT_CONCEPT_ID,4239021,Mean blood pressure,8876.0,millimeter mercury column,20.0,1,Based on Unit Harmonization Paper,300.0,1,,,,,,,,,,,,,
MEASUREMENT,MEASUREMENT_CONCEPT_ID,21492241,Mean blood pressure by Noninvasive,8876.0,millimeter mercury column,20.0,1,Based on Unit Harmonization Paper,300.0,1,,,,,,,,,,,,,
MEASUREMENT,MEASUREMENT_CONCEPT_ID,3018336,Mean blood pressure--supine,8876.0,millimeter mercury column,20.0,1,Based on Unit Harmonization Paper,300.0,1,,,,,,,,,,,,,
MEASUREMENT,MEASUREMENT_CONCEPT_ID,3017490,Mean blood pressure--standing,8876.0,millimeter mercury column,20.0,1,Based on Unit Harmonization Paper,300.0,1,,,,,,,,,,,,,
MEASUREMENT,MEASUREMENT_CONCEPT_ID,3027598,Mean blood pressure,8876.0,millimeter mercury column,20.0,1,Based on Unit Harmonization Paper,300.0,1,,,,,,,,,,,,,
MEASUREMENT,MEASUREMENT_CONCEPT_ID,21490778,Mean blood pressure by Continuous non-invasive monitoring,8876.0,millimeter mercury column,20.0,1,Based on Unit Harmonization Paper,300.0,1,,,,,,,,,,,,,
MEASUREMENT,MEASUREMENT_CONCEPT_ID,21490852,Invasive Mean blood pressure,8876.0,millimeter mercury column,20.0,1,Based on Unit Harmonization Paper,300.0,1,,,,,,,,,,,,,
MEASUREMENT,MEASUREMENT_CONCEPT_ID,3013650,Neutrophils [#/volume] in Blood by Automated count,8848.0,thousand per microliter,0.0,1,Based on Unit Harmonization Paper,5000.0,1,,,,,,,,,,,,,
MEASUREMENT,MEASUREMENT_CONCEPT_ID,3017501,Neutrophils [#/volume] in Blood by Manual count,8848.0,thousand per microliter,0.0,1,Based on Unit Harmonization Paper,5000.0,1,,,,,,,,,,,,,
MEASUREMENT,MEASUREMENT_CONCEPT_ID,3017732,Neutrophils [#/volume] in Blood,8848.0,thousand per microliter,0.0,1,Based on Unit Harmonization Paper,5000.0,1,,,,,,,,,,,,,
MEASUREMENT,MEASUREMENT_CONCEPT_ID,3018010,Neutrophils/100 leukocytes in Blood,8554.0,percent,0.0,1,Based on Unit Harmonization Paper,100.0,1,,,,,,,,,,,,,
MEASUREMENT,MEASUREMENT_CONCEPT_ID,3027368,Neutrophils/100 leukocytes in Blood by Manual count,8554.0,percent,0.0,1,Based on Unit Harmonization Paper,100.0,1,,,,,,,,,,,,,
MEASUREMENT,MEASUREMENT_CONCEPT_ID,3008342,Neutrophils/100 leukocytes in Blood by Automated count,8554.0,percent,0.0,1,Based on Unit Harmonization Paper,100.0,1,,,,,,,,,,,,,
MEASUREMENT,MEASUREMENT_CONCEPT_ID,3029187,Natriuretic peptide.B prohormone N-Terminal [Mass/volume] in Serum or Plasma,8845.0,picogram per milliliter,0.0,1,Based on Unit Harmonization Paper,1000000.0,1,,,,,,,,,,,,,
MEASUREMENT,MEASUREMENT_CONCEPT_ID,3029435,Natriuretic peptide.B prohormone N-Terminal [Moles/volume] in Serum or Plasma,8845.0,picogram per milliliter,0.0,1,Based on Unit Harmonization Paper,1000000.0,1,,,,,,,,,,,,,
MEASUREMENT,MEASUREMENT_CONCEPT_ID,42529225,Natriuretic peptide.B prohormone N-Terminal [Moles/volume] in Serum or Plasma by Immunoassay,8845.0,picogram per milliliter,0.0,1,Based on Unit Harmonization Paper,1000000.0,1,,,,,,,,,,,,,
MEASUREMENT,MEASUREMENT_CONCEPT_ID,42870364,Natriuretic peptide.B prohormone N-Terminal [Mass/volume] in Blood by Immunoassay,8845.0,picogram per milliliter,0.0,1,Based on Unit Harmonization Paper,1000000.0,1,,,,,,,,,,,,,
MEASUREMENT,MEASUREMENT_CONCEPT_ID,4189511,N terminal pro-brain natriuretic peptide level,8845.0,picogram per milliliter,0.0,1,Based on Unit Harmonization Paper,1000000.0,1,,,,,,,,,,,,,
MEASUREMENT,MEASUREMENT_CONCEPT_ID,40653381,Natriuretic peptide.B prohormone N-Terminal|MCnc|Pt|ANYBldSerPl,8845.0,picogram per milliliter,0.0,1,Based on Unit Harmonization Paper,1000000.0,1,,,,,,,,,,,,,
MEASUREMENT,MEASUREMENT_CONCEPT_ID,40653382,Natriuretic peptide.B prohormone N-Terminal|SCnc|Pt|ANYBldSerPl,8845.0,picogram per milliliter,0.0,1,Based on Unit Harmonization Paper,1000000.0,1,,,,,,,,,,,,,
MEASUREMENT,MEASUREMENT_CONCEPT_ID,42529224,Natriuretic peptide.B prohormone N-Terminal [Mass/volume] in Serum or Plasma by Immunoassay,8845.0,picogram per milliliter,0.0,1,Based on Unit Harmonization Paper,1000000.0,1,,,,,,,,,,,,,
MEASUREMENT,MEASUREMENT_CONCEPT_ID,37072564,Natriuretic peptide.B prohormone N-Terminal | Blood | Chemistry - non-challenge,8845.0,picogram per milliliter,0.0,1,Based on Unit Harmonization Paper,1000000.0,1,,,,,,,,,,,,,
MEASUREMENT,MEASUREMENT_CONCEPT_ID,40655156,Natriuretic peptide.B prohormone N-Terminal|Pt|Ser/Plas,8845.0,picogram per milliliter,0.0,1,Based on Unit Harmonization Paper,1000000.0,1,,,,,,,,,,,,,
MEASUREMENT,MEASUREMENT_CONCEPT_ID,40655157,Natriuretic peptide.B prohormone N-Terminal|Pt|Ser/Plas|IA,8845.0,picogram per milliliter,0.0,1,Based on Unit Harmonization Paper,1000000.0,1,,,,,,,,,,,,,
MEASUREMENT,MEASUREMENT_CONCEPT_ID,44812008,Serum N-terminal pro B-type natriuretic peptide concentration measurement,8845.0,picogram per milliliter,0.0,1,Based on Unit Harmonization Paper,1000000.0,1,,,,,,,,,,,,,
MEASUREMENT,MEASUREMENT_CONCEPT_ID,44812009,Plasma N-terminal pro B-type natriuretic peptide concentration measurement,8845.0,picogram per milliliter,0.0,1,Based on Unit Harmonization Paper,1000000.0,1,,,,,,,,,,,,,
MEASUREMENT,MEASUREMENT_CONCEPT_ID,37059079,Natriuretic peptide.B prohormone N-Terminal | Serum or Plasma | Chemistry - non-challenge,8845.0,picogram per milliliter,0.0,1,Based on Unit Harmonization Paper,1000000.0,1,,,,,,,,,,,,,
MEASUREMENT,MEASUREMENT_CONCEPT_ID,3010421,pH of Blood,8482.0,pH,5.0,1,Based on Unit Harmonization Paper,8.5,1,,,,,,,,,,,,,
MEASUREMENT,MEASUREMENT_CONCEPT_ID,3012544,pH of Venous blood,8482.0,pH,5.0,1,Based on Unit Harmonization Paper,8.5,1,,,,,,,,,,,,,
MEASUREMENT,MEASUREMENT_CONCEPT_ID,40485024,Measurement of pH of plasma of venous cord blood specimen at 37 degrees Celsius,8482.0,pH,5.0,1,Based on Unit Harmonization Paper,8.5,1,,,,,,,,,,,,,
MEASUREMENT,MEASUREMENT_CONCEPT_ID,3009343,pH of Capillary blood,8482.0,pH,5.0,1,Based on Unit Harmonization Paper,8.5,1,,,,,,,,,,,,,
MEASUREMENT,MEASUREMENT_CONCEPT_ID,3029473,pH of Arterial blood adjusted to patient's actual temperature,8482.0,pH,5.0,1,Based on Unit Harmonization Paper,8.5,1,,,,,,,,,,,,,
MEASUREMENT,MEASUREMENT_CONCEPT_ID,3030238,pH of Mixed venous blood adjusted to patient's actual temperature,8482.0,pH,5.0,1,Based on Unit Harmonization Paper,8.5,1,,,,,,,,,,,,,
MEASUREMENT,MEASUREMENT_CONCEPT_ID,3038999,pH of Venous blood adjusted to patient's actual temperature,8482.0,pH,5.0,1,Based on Unit Harmonization Paper,8.5,1,,,,,,,,,,,,,
MEASUREMENT,MEASUREMENT_CONCEPT_ID,3049451,pH of Cord blood adjusted to patient's actual temperature,8482.0,pH,5.0,1,Based on Unit Harmonization Paper,8.5,1,,,,,,,,,,,,,
MEASUREMENT,MEASUREMENT_CONCEPT_ID,40485069,Measurement of pH of plasma of arterial blood specimen at 37 degrees Celsius,8482.0,pH,5.0,1,Based on Unit Harmonization Paper,8.5,1,,,,,,,,,,,,,
MEASUREMENT,MEASUREMENT_CONCEPT_ID,3018418,pH of Serum or Plasma,8482.0,pH,5.0,1,Based on Unit Harmonization Paper,8.5,1,,,,,,,,,,,,,
MEASUREMENT,MEASUREMENT_CONCEPT_ID,3019977,pH of Arterial blood,8482.0,pH,5.0,1,Based on Unit Harmonization Paper,8.5,1,,,,,,,,,,,,,
MEASUREMENT,MEASUREMENT_CONCEPT_ID,3022670,pH of Venous cord blood,8482.0,pH,5.0,1,Based on Unit Harmonization Paper,8.5,1,,,,,,,,,,,,,
MEASUREMENT,MEASUREMENT_CONCEPT_ID,3030109,pH of Arterial cord blood adjusted to patient's actual temperature,8482.0,pH,5.0,1,Based on Unit Harmonization Paper,8.5,1,,,,,,,,,,,,,
MEASUREMENT,MEASUREMENT_CONCEPT_ID,3030327,pH of Capillary blood from Fetus,8482.0,pH,5.0,1,Based on Unit Harmonization Paper,8.5,1,,,,,,,,,,,,,
MEASUREMENT,MEASUREMENT_CONCEPT_ID,40491344,Measurement of pH of serum or plasma of fetal blood specimen,8482.0,pH,5.0,1,Based on Unit Harmonization Paper,8.5,1,,,,,,,,,,,,,
MEASUREMENT,MEASUREMENT_CONCEPT_ID,3030091,pH of Blood adjusted to patient's actual temperature,8482.0,pH,5.0,1,Based on Unit Harmonization Paper,8.5,1,,,,,,,,,,,,,
MEASUREMENT,MEASUREMENT_CONCEPT_ID,3011988,pH of Cord blood,8482.0,pH,5.0,1,Based on Unit Harmonization Paper,8.5,1,,,,,,,,,,,,,
MEASUREMENT,MEASUREMENT_CONCEPT_ID,3032186,pH of Venous cord blood adjusted to patient's actual temperature,8482.0,pH,5.0,1,Based on Unit Harmonization Paper,8.5,1,,,,,,,,,,,,,
MEASUREMENT,MEASUREMENT_CONCEPT_ID,3040135,pH of Capillary blood adjusted to patient's actual temperature,8482.0,pH,5.0,1,Based on Unit Harmonization Paper,8.5,1,,,,,,,,,,,,,
MEASUREMENT,MEASUREMENT_CONCEPT_ID,3006598,pH of Arterial cord blood,8482.0,pH,5.0,1,Based on Unit Harmonization Paper,8.5,1,,,,,,,,,,,,,
MEASUREMENT,MEASUREMENT_CONCEPT_ID,3012388,pH of Mixed venous blood,8482.0,pH,5.0,1,Based on Unit Harmonization Paper,8.5,1,,,,,,,,,,,,,
MEASUREMENT,MEASUREMENT_CONCEPT_ID,3007461,Platelets [#/volume] in Blood,8848.0,thousand per microliter,0.0,1,Based on Unit Harmonization Paper,4000.0,1,,,,,,,,,,,,,
MEASUREMENT,MEASUREMENT_CONCEPT_ID,3031586,Platelets [#/volume] in Blood by Estimate,8848.0,thousand per microliter,0.0,1,Based on Unit Harmonization Paper,4000.0,1,,,,,,,,,,,,,
MEASUREMENT,MEASUREMENT_CONCEPT_ID,3006297,Platelets [#/volume] in Plasma,8848.0,thousand per microliter,0.0,1,Based on Unit Harmonization Paper,4000.0,1,,,,,,,,,,,,,
MEASUREMENT,MEASUREMENT_CONCEPT_ID,44787107,Platelets [#/volume] in Capillary blood by Manual count,8848.0,thousand per microliter,0.0,1,Based on Unit Harmonization Paper,4000.0,1,,,,,,,,,,,,,
MEASUREMENT,MEASUREMENT_CONCEPT_ID,3016682,Platelets [#/volume] in Plasma by Automated count,8848.0,thousand per microliter,0.0,1,Based on Unit Harmonization Paper,4000.0,1,,,,,,,,,,,,,
MEASUREMENT,MEASUREMENT_CONCEPT_ID,3010834,Platelets [#/volume] in Blood by Manual count,8848.0,thousand per microliter,0.0,1,Based on Unit Harmonization Paper,4000.0,1,,,,,,,,,,,,,
MEASUREMENT,MEASUREMENT_CONCEPT_ID,3024929,Platelets [#/volume] in Blood by Automated count,8848.0,thousand per microliter,0.0,1,Based on Unit Harmonization Paper,4000.0,1,,,,,,,,,,,,,
MEASUREMENT,MEASUREMENT_CONCEPT_ID,3005456,Potassium [Moles/volume] in Blood,8753.0,millimole per liter,0.0,1,Based on Unit Harmonization Paper,20.0,1,,,,,,,,,,,,,
MEASUREMENT,MEASUREMENT_CONCEPT_ID,3031219,Potassium [Moles/volume] in Mixed venous blood,8753.0,millimole per liter,0.0,1,Based on Unit Harmonization Paper,20.0,1,,,,,,,,,,,,,
MEASUREMENT,MEASUREMENT_CONCEPT_ID,3039651,Potassium [Moles/volume] in Serum or Plasma --pre dialysis,8753.0,millimole per liter,0.0,1,Based on Unit Harmonization Paper,20.0,1,,,,,,,,,,,,,
MEASUREMENT,MEASUREMENT_CONCEPT_ID,3040893,Potassium [Moles/volume] in Capillary blood,8753.0,millimole per liter,0.0,1,Based on Unit Harmonization Paper,20.0,1,,,,,,,,,,,,,
MEASUREMENT,MEASUREMENT_CONCEPT_ID,21490733,Potassium [Mass/volume] in Blood,8753.0,millimole per liter,0.0,1,Based on Unit Harmonization Paper,20.0,1,,,,,,,,,,,,,
MEASUREMENT,MEASUREMENT_CONCEPT_ID,3024380,Potassium [Moles/volume] in Serum or Plasma --2nd specimen,8753.0,millimole per liter,0.0,1,Based on Unit Harmonization Paper,20.0,1,,,,,,,,,,,,,
MEASUREMENT,MEASUREMENT_CONCEPT_ID,42528882,Potassium [Mass/volume] in Red Blood Cells,8753.0,millimole per liter,0.0,1,Based on Unit Harmonization Paper,20.0,1,,,,,,,,,,,,,
MEASUREMENT,MEASUREMENT_CONCEPT_ID,3015066,Potassium [Moles/volume] in Serum or Plasma --post dialysis,8753.0,millimole per liter,0.0,1,Based on Unit Harmonization Paper,20.0,1,,,,,,,,,,,,,
MEASUREMENT,MEASUREMENT_CONCEPT_ID,3023103,Potassium [Moles/volume] in Serum or Plasma,8753.0,millimole per liter,0.0,1,Based on Unit Harmonization Paper,20.0,1,,,,,,,,,,,,,
MEASUREMENT,MEASUREMENT_CONCEPT_ID,3041354,Potassium [Moles/volume] in Venous blood,8753.0,millimole per liter,0.0,1,Based on Unit Harmonization Paper,20.0,1,,,,,,,,,,,,,
MEASUREMENT,MEASUREMENT_CONCEPT_ID,3013823,Potassium [Moles/volume] in Red Blood Cells,8753.0,millimole per liter,0.0,1,Based on Unit Harmonization Paper,20.0,1,,,,,,,,,,,,,
MEASUREMENT,MEASUREMENT_CONCEPT_ID,3024920,Potassium [Moles/volume] in Serum or Plasma --3rd specimen,8753.0,millimole per liter,0.0,1,Based on Unit Harmonization Paper,20.0,1,,,,,,,,,,,,,
MEASUREMENT,MEASUREMENT_CONCEPT_ID,3043409,Potassium [Moles/volume] in Arterial blood,8753.0,millimole per liter,0.0,1,Based on Unit Harmonization Paper,20.0,1,,,,,,,,,,,,,
MEASUREMENT,MEASUREMENT_CONCEPT_ID,44791466,Procalcitonin measurement,8842.0,nanogram per milliliter,0.0,1,Based on Unit Harmonization Paper,5000.0,1,,,,,,,,,,,,,
MEASUREMENT,MEASUREMENT_CONCEPT_ID,37392971,Serum procalcitonin level,8842.0,nanogram per milliliter,0.0,1,Based on Unit Harmonization Paper,5000.0,1,,,,,,,,,,,,,
MEASUREMENT,MEASUREMENT_CONCEPT_ID,40757108,Procalcitonin (PCT),8842.0,nanogram per milliliter,0.0,1,Based on Unit Harmonization Paper,5000.0,1,,,,,,,,,,,,,
MEASUREMENT,MEASUREMENT_CONCEPT_ID,44817130,Procalcitonin [Mass/volume] in Serum or Plasma by Immunoassay,8842.0,nanogram per milliliter,0.0,1,Based on Unit Harmonization Paper,5000.0,1,,,,,,,,,,,,,
MEASUREMENT,MEASUREMENT_CONCEPT_ID,3046279,Procalcitonin [Mass/volume] in Serum or Plasma,8842.0,nanogram per milliliter,0.0,1,Based on Unit Harmonization Paper,5000.0,1,,,,,,,,,,,,,
MEASUREMENT,MEASUREMENT_CONCEPT_ID,46286859,Serum procalcitonin measurement,8842.0,nanogram per milliliter,0.0,1,Based on Unit Harmonization Paper,5000.0,1,,,,,,,,,,,,,
MEASUREMENT,MEASUREMENT_CONCEPT_ID,3010057,Respiratory rate --pre inhalation therapy,8483.0,counts per minute,0.0,1,Based on Unit Harmonization Paper,200.0,1,,,,,,,,,,,,,
MEASUREMENT,MEASUREMENT_CONCEPT_ID,3038563,Respiratory rate --post exercise,8483.0,counts per minute,0.0,1,Based on Unit Harmonization Paper,200.0,1,,,,,,,,,,,,,
MEASUREMENT,MEASUREMENT_CONCEPT_ID,42527123,Respiratory rate by Pulse oximetry.plethysmograph,8483.0,counts per minute,0.0,1,Based on Unit Harmonization Paper,200.0,1,,,,,,,,,,,,,
MEASUREMENT,MEASUREMENT_CONCEPT_ID,3007646,Breath rate spontaneous and mechanical --on ventilator,8483.0,counts per minute,0.0,1,Based on Unit Harmonization Paper,200.0,1,,,,,,,,,,,,,
MEASUREMENT,MEASUREMENT_CONCEPT_ID,3043148,Breath rate mechanical --on ventilator,8483.0,counts per minute,0.0,1,Based on Unit Harmonization Paper,200.0,1,,,,,,,,,,,,,
MEASUREMENT,MEASUREMENT_CONCEPT_ID,43054873,Breath rate Capillary blood,8483.0,counts per minute,0.0,1,Based on Unit Harmonization Paper,200.0,1,,,,,,,,,,,,,
MEASUREMENT,MEASUREMENT_CONCEPT_ID,3010647,Respiratory rate --resting,8483.0,counts per minute,0.0,1,Based on Unit Harmonization Paper,200.0,1,,,,,,,,,,,,,
MEASUREMENT,MEASUREMENT_CONCEPT_ID,3019610,Respiratory rate --post inhalation therapy,8483.0,counts per minute,0.0,1,Based on Unit Harmonization Paper,200.0,1,,,,,,,,,,,,,
MEASUREMENT,MEASUREMENT_CONCEPT_ID,3024171,Respiratory rate,8483.0,counts per minute,0.0,1,Based on Unit Harmonization Paper,200.0,1,,,,,,,,,,,,,
MEASUREMENT,MEASUREMENT_CONCEPT_ID,4313591,Respiratory rate,8483.0,counts per minute,0.0,1,Based on Unit Harmonization Paper,200.0,1,,,,,,,,,,,,,
MEASUREMENT,MEASUREMENT_CONCEPT_ID,21490867,Respiratory rate by Impedance.transthoracic,8483.0,counts per minute,0.0,1,Based on Unit Harmonization Paper,200.0,1,,,,,,,,,,,,,
MEASUREMENT,MEASUREMENT_CONCEPT_ID,3013606,Respiratory rate --post bronchoscopy,8483.0,counts per minute,0.0,1,Based on Unit Harmonization Paper,200.0,1,,,,,,,,,,,,,
MEASUREMENT,MEASUREMENT_CONCEPT_ID,3021375,Respiratory rate --pre bronchoscopy,8483.0,counts per minute,0.0,1,Based on Unit Harmonization Paper,200.0,1,,,,,,,,,,,,,
MEASUREMENT,MEASUREMENT_CONCEPT_ID,3026892,Breath rate spontaneous --on ventilator,8483.0,counts per minute,0.0,1,Based on Unit Harmonization Paper,200.0,1,,,,,,,,,,,,,
MEASUREMENT,MEASUREMENT_CONCEPT_ID,45770405,Baseline respiratory rate,8483.0,counts per minute,0.0,1,Based on Unit Harmonization Paper,200.0,1,,,,,,,,,,,,,
MEASUREMENT,MEASUREMENT_CONCEPT_ID,1001778,Sodium [Moles/volume] in Serum or Plasma --1 hour post dose vasopressin,8753.0,millimole per liter,50.0,1,Based on Unit Harmonization Paper,250.0,1,,,,,,,,,,,,,
MEASUREMENT,MEASUREMENT_CONCEPT_ID,3032987,Sodium [Moles/volume] corrected for glucose in Serum or Plasma,8753.0,millimole per liter,50.0,1,Based on Unit Harmonization Paper,250.0,1,,,,,,,,,,,,,
MEASUREMENT,MEASUREMENT_CONCEPT_ID,3043706,Sodium [Moles/volume] in Arterial blood,8753.0,millimole per liter,50.0,1,Based on Unit Harmonization Paper,250.0,1,,,,,,,,,,,,,
MEASUREMENT,MEASUREMENT_CONCEPT_ID,46235784,"Sodium [Moles/volume] in Serum, Plasma or Blood",8753.0,millimole per liter,50.0,1,Based on Unit Harmonization Paper,250.0,1,,,,,,,,,,,,,
MEASUREMENT,MEASUREMENT_CONCEPT_ID,3041473,Sodium [Moles/volume] in Venous blood,8753.0,millimole per liter,50.0,1,Based on Unit Harmonization Paper,250.0,1,,,,,,,,,,,,,
MEASUREMENT,MEASUREMENT_CONCEPT_ID,3000285,Sodium [Moles/volume] in Blood,8753.0,millimole per liter,50.0,1,Based on Unit Harmonization Paper,250.0,1,,,,,,,,,,,,,
MEASUREMENT,MEASUREMENT_CONCEPT_ID,3019550,Sodium [Moles/volume] in Serum or Plasma,8753.0,millimole per liter,50.0,1,Based on Unit Harmonization Paper,250.0,1,,,,,,,,,,,,,
MEASUREMENT,MEASUREMENT_CONCEPT_ID,3031579,Sodium [Moles/volume] in Mixed venous blood,8753.0,millimole per liter,50.0,1,Based on Unit Harmonization Paper,250.0,1,,,,,,,,,,,,,
MEASUREMENT,MEASUREMENT_CONCEPT_ID,44816586,Sodium [Moles/volume] in Serum or Plasma --post dialysis,8753.0,millimole per liter,50.0,1,Based on Unit Harmonization Paper,250.0,1,,,,,,,,,,,,,
MEASUREMENT,MEASUREMENT_CONCEPT_ID,1002415,Sodium [Moles/volume] in Serum or Plasma --2 hours post dose vasopressin,8753.0,millimole per liter,50.0,1,Based on Unit Harmonization Paper,250.0,1,,,,,,,,,,,,,
MEASUREMENT,MEASUREMENT_CONCEPT_ID,3044738,Sodium [Moles/volume] (Maximum value during study) in Serum or Plasma,8753.0,millimole per liter,50.0,1,Based on Unit Harmonization Paper,250.0,1,,,,,,,,,,,,,
MEASUREMENT,MEASUREMENT_CONCEPT_ID,3038702,Sodium [Moles/volume] in Capillary blood,8753.0,millimole per liter,50.0,1,Based on Unit Harmonization Paper,250.0,1,,,,,,,,,,,,,
MEASUREMENT,MEASUREMENT_CONCEPT_ID,2314048,"Noninvasive ear or pulse oximetry for oxygen saturation; multiple determinations (eg, during exercise)",8554.0,percent,0.0,1,Based on Unit Harmonization Paper,100.0,1,,,,,,,,,,,,,
MEASUREMENT,MEASUREMENT_CONCEPT_ID,4020553,Oxygen saturation measurement,8554.0,percent,0.0,1,Based on Unit Harmonization Paper,100.0,1,,,,,,,,,,,,,
MEASUREMENT,MEASUREMENT_CONCEPT_ID,4196147,Peripheral oxygen saturation,8554.0,percent,0.0,1,Based on Unit Harmonization Paper,100.0,1,,,,,,,,,,,,,
MEASUREMENT,MEASUREMENT_CONCEPT_ID,36685445,Arterial oxygen saturation on room air at rest,8554.0,percent,0.0,1,Based on Unit Harmonization Paper,100.0,1,,,,,,,,,,,,,
MEASUREMENT,MEASUREMENT_CONCEPT_ID,36685446,Arterial oxygen saturation on supplemental oxygen at rest,8554.0,percent,0.0,1,Based on Unit Harmonization Paper,100.0,1,,,,,,,,,,,,,
MEASUREMENT,MEASUREMENT_CONCEPT_ID,40483539,Capillary oxygen saturation,8554.0,percent,0.0,1,Based on Unit Harmonization Paper,100.0,1,,,,,,,,,,,,,
MEASUREMENT,MEASUREMENT_CONCEPT_ID,40762507,Oxygen saturation in Arterial blood by Pulse oximetry --pre treatment,8554.0,percent,0.0,1,Based on Unit Harmonization Paper,100.0,1,,,,,,,,,,,,,
MEASUREMENT,MEASUREMENT_CONCEPT_ID,44810016,Peripheral blood oxygen saturation on supplemental oxygen at rest,8554.0,percent,0.0,1,Based on Unit Harmonization Paper,100.0,1,,,,,,,,,,,,,
MEASUREMENT,MEASUREMENT_CONCEPT_ID,2314047,Noninvasive ear or pulse oximetry for oxygen saturation; single determination,8554.0,percent,0.0,1,Based on Unit Harmonization Paper,100.0,1,,,,,,,,,,,,,
MEASUREMENT,MEASUREMENT_CONCEPT_ID,2314049,Noninvasive ear or pulse oximetry for oxygen saturation; by continuous overnight monitoring (separate procedure),8554.0,percent,0.0,1,Based on Unit Harmonization Paper,100.0,1,,,,,,,,,,,,,
MEASUREMENT,MEASUREMENT_CONCEPT_ID,36304254,Oxygen saturation in Arterial blood by Pulse oximetry --during anesthesia,8554.0,percent,0.0,1,Based on Unit Harmonization Paper,100.0,1,,,,,,,,,,,,,
MEASUREMENT,MEASUREMENT_CONCEPT_ID,40762499,Oxygen saturation in Arterial blood by Pulse oximetry,8554.0,percent,0.0,1,Based on Unit Harmonization Paper,100.0,1,,,,,,,,,,,,,
MEASUREMENT,MEASUREMENT_CONCEPT_ID,40762500,Oxygen saturation in Arterial blood by Pulse oximetry --during treatment,8554.0,percent,0.0,1,Based on Unit Harmonization Paper,100.0,1,,,,,,,,,,,,,
MEASUREMENT,MEASUREMENT_CONCEPT_ID,40762501,Oxygen saturation in Arterial blood by Pulse oximetry --on room air,8554.0,percent,0.0,1,Based on Unit Harmonization Paper,100.0,1,,,,,,,,,,,,,
MEASUREMENT,MEASUREMENT_CONCEPT_ID,40762506,Oxygen saturation in Arterial blood by Pulse oximetry --pre physiotherapy,8554.0,percent,0.0,1,Based on Unit Harmonization Paper,100.0,1,,,,,,,,,,,,,
MEASUREMENT,MEASUREMENT_CONCEPT_ID,4013965,"Oxygen saturation measurement, arterial",8554.0,percent,0.0,1,Based on Unit Harmonization Paper,100.0,1,,,,,,,,,,,,,
MEASUREMENT,MEASUREMENT_CONCEPT_ID,4096101,Measurement of oxygen saturation at periphery,8554.0,percent,0.0,1,Based on Unit Harmonization Paper,100.0,1,,,,,,,,,,,,,
MEASUREMENT,MEASUREMENT_CONCEPT_ID,4310328,Blood oxygen saturation (calculated),8554.0,percent,0.0,1,Based on Unit Harmonization Paper,100.0,1,,,,,,,,,,,,,
MEASUREMENT,MEASUREMENT_CONCEPT_ID,36203184,"Vital signs, weight, height, head circumference, oxygen saturation and BMI panel",8554.0,percent,0.0,1,Based on Unit Harmonization Paper,100.0,1,,,,,,,,,,,,,
MEASUREMENT,MEASUREMENT_CONCEPT_ID,40762503,Oxygen saturation in Arterial blood by Pulse oximetry --post exercise,8554.0,percent,0.0,1,Based on Unit Harmonization Paper,100.0,1,,,,,,,,,,,,,
MEASUREMENT,MEASUREMENT_CONCEPT_ID,42869598,Oxygen saturation [Pure mass fraction] Calculated from oxygen partial pressure in Arterial blood,8554.0,percent,0.0,1,Based on Unit Harmonization Paper,100.0,1,,,,,,,,,,,,,
MEASUREMENT,MEASUREMENT_CONCEPT_ID,42869608,Oxygen saturation [Pure mass fraction] in Blood,8554.0,percent,0.0,1,Based on Unit Harmonization Paper,100.0,1,,,,,,,,,,,,,
MEASUREMENT,MEASUREMENT_CONCEPT_ID,44810015,Peripheral blood oxygen saturation on room air on exertion,8554.0,percent,0.0,1,Based on Unit Harmonization Paper,100.0,1,,,,,,,,,,,,,
MEASUREMENT,MEASUREMENT_CONCEPT_ID,40762502,Oxygen saturation in Arterial blood by Pulse oximetry --post bronchodilation,8554.0,percent,0.0,1,Based on Unit Harmonization Paper,100.0,1,,,,,,,,,,,,,
MEASUREMENT,MEASUREMENT_CONCEPT_ID,40762505,Oxygen saturation in Arterial blood by Pulse oximetry --pre bronchodilation,8554.0,percent,0.0,1,Based on Unit Harmonization Paper,100.0,1,,,,,,,,,,,,,
MEASUREMENT,MEASUREMENT_CONCEPT_ID,44810014,Peripheral blood oxygen saturation on room air at rest,8554.0,percent,0.0,1,Based on Unit Harmonization Paper,100.0,1,,,,,,,,,,,,,
MEASUREMENT,MEASUREMENT_CONCEPT_ID,3011367,Oxygen saturation Calculated from oxygen partial pressure in Blood,8554.0,percent,0.0,1,Based on Unit Harmonization Paper,100.0,1,,,,,,,,,,,,,
MEASUREMENT,MEASUREMENT_CONCEPT_ID,3016502,Oxygen saturation in Arterial blood,8554.0,percent,0.0,1,Based on Unit Harmonization Paper,100.0,1,,,,,,,,,,,,,
MEASUREMENT,MEASUREMENT_CONCEPT_ID,3021901,Oxygen saturation in Capillary blood,8554.0,percent,0.0,1,Based on Unit Harmonization Paper,100.0,1,,,,,,,,,,,,,
MEASUREMENT,MEASUREMENT_CONCEPT_ID,3039426,Oxygen saturation Calculated from oxygen partial pressure in Arterial blood,8554.0,percent,0.0,1,Based on Unit Harmonization Paper,100.0,1,,,,,,,,,,,,,
MEASUREMENT,MEASUREMENT_CONCEPT_ID,36305237,Oxygen saturation in Arterial blood by Pulse oximetry --W exercise,8554.0,percent,0.0,1,Based on Unit Harmonization Paper,100.0,1,,,,,,,,,,,,,
MEASUREMENT,MEASUREMENT_CONCEPT_ID,37398626,Blood oxygen saturation (calculated),8554.0,percent,0.0,1,Based on Unit Harmonization Paper,100.0,1,,,,,,,,,,,,,
MEASUREMENT,MEASUREMENT_CONCEPT_ID,40483579,Arterial oxygen saturation,8554.0,percent,0.0,1,Based on Unit Harmonization Paper,100.0,1,,,,,,,,,,,,,
MEASUREMENT,MEASUREMENT_CONCEPT_ID,40762504,Oxygen saturation in Arterial blood by Pulse oximetry --post treatment,8554.0,percent,0.0,1,Based on Unit Harmonization Paper,100.0,1,,,,,,,,,,,,,
MEASUREMENT,MEASUREMENT_CONCEPT_ID,40762508,Oxygen saturation in Arterial blood by Pulse oximetry --resting,8554.0,percent,0.0,1,Based on Unit Harmonization Paper,100.0,1,,,,,,,,,,,,,
MEASUREMENT,MEASUREMENT_CONCEPT_ID,42869607,Oxygen saturation [Pure mass fraction] in Arterial blood,8554.0,percent,0.0,1,Based on Unit Harmonization Paper,100.0,1,,,,,,,,,,,,,
MEASUREMENT,MEASUREMENT_CONCEPT_ID,44810017,Peripheral blood oxygen saturation on supplemental oxygen on exertion,8554.0,percent,0.0,1,Based on Unit Harmonization Paper,100.0,1,,,,,,,,,,,,,
MEASUREMENT,MEASUREMENT_CONCEPT_ID,3013502,Oxygen saturation in Blood,8554.0,percent,0.0,1,Based on Unit Harmonization Paper,100.0,1,,,,,,,,,,,,,
MEASUREMENT,MEASUREMENT_CONCEPT_ID,4152194,Systolic blood pressure,8876.0,millimeter mercury column,0.0,1,Based on Unit Harmonization Paper,400.0,1,,,,,,,,,,,,,
MEASUREMENT,MEASUREMENT_CONCEPT_ID,44789315,Ambulatory systolic blood pressure,8876.0,millimeter mercury column,0.0,1,Based on Unit Harmonization Paper,400.0,1,,,,,,,,,,,,,
MEASUREMENT,MEASUREMENT_CONCEPT_ID,3003205,Brachial artery Systolic blood pressure,8876.0,millimeter mercury column,0.0,1,Based on Unit Harmonization Paper,400.0,1,,,,,,,,,,,,,
MEASUREMENT,MEASUREMENT_CONCEPT_ID,3028737,Systolic blood pressure by palpation,8876.0,millimeter mercury column,0.0,1,Based on Unit Harmonization Paper,400.0,1,,,,,,,,,,,,,
MEASUREMENT,MEASUREMENT_CONCEPT_ID,4197167,24 hour systolic blood pressure,8876.0,millimeter mercury column,0.0,1,Based on Unit Harmonization Paper,400.0,1,,,,,,,,,,,,,
MEASUREMENT,MEASUREMENT_CONCEPT_ID,21490779,Systolic blood pressure by Continuous non-invasive monitoring,8876.0,millimeter mercury column,0.0,1,Based on Unit Harmonization Paper,400.0,1,,,,,,,,,,,,,
MEASUREMENT,MEASUREMENT_CONCEPT_ID,4153323,Target systolic blood pressure,8876.0,millimeter mercury column,0.0,1,Based on Unit Harmonization Paper,400.0,1,,,,,,,,,,,,,
MEASUREMENT,MEASUREMENT_CONCEPT_ID,4161413,Systolic blood pressure on admission,8876.0,millimeter mercury column,0.0,1,Based on Unit Harmonization Paper,400.0,1,,,,,,,,,,,,,
MEASUREMENT,MEASUREMENT_CONCEPT_ID,37396683,Baseline systolic blood pressure,8876.0,millimeter mercury column,0.0,1,Based on Unit Harmonization Paper,400.0,1,,,,,,,,,,,,,
MEASUREMENT,MEASUREMENT_CONCEPT_ID,45769778,Systolic blood pressure of neonate at birth,8876.0,millimeter mercury column,0.0,1,Based on Unit Harmonization Paper,400.0,1,,,,,,,,,,,,,
MEASUREMENT,MEASUREMENT_CONCEPT_ID,4217013,Systolic arterial pressure,8876.0,millimeter mercury column,0.0,1,Based on Unit Harmonization Paper,400.0,1,,,,,,,,,,,,,
MEASUREMENT,MEASUREMENT_CONCEPT_ID,4248525,Lying systolic blood pressure,8876.0,millimeter mercury column,0.0,1,Based on Unit Harmonization Paper,400.0,1,,,,,,,,,,,,,
MEASUREMENT,MEASUREMENT_CONCEPT_ID,21492239,Systolic blood pressure by Noninvasive,8876.0,millimeter mercury column,0.0,1,Based on Unit Harmonization Paper,400.0,1,,,,,,,,,,,,,
MEASUREMENT,MEASUREMENT_CONCEPT_ID,4232915,Sitting systolic blood pressure,8876.0,millimeter mercury column,0.0,1,Based on Unit Harmonization Paper,400.0,1,,,,,,,,,,,,,
MEASUREMENT,MEASUREMENT_CONCEPT_ID,21490853,Invasive Systolic blood pressure,8876.0,millimeter mercury column,0.0,1,Based on Unit Harmonization Paper,400.0,1,,,,,,,,,,,,,
MEASUREMENT,MEASUREMENT_CONCEPT_ID,44806887,Systolic blood pressure centile,8876.0,millimeter mercury column,0.0,1,Based on Unit Harmonization Paper,400.0,1,,,,,,,,,,,,,
MEASUREMENT,MEASUREMENT_CONCEPT_ID,3004249,Systolic blood pressure,8876.0,millimeter mercury column,0.0,1,Based on Unit Harmonization Paper,400.0,1,,,,,,,,,,,,,
MEASUREMENT,MEASUREMENT_CONCEPT_ID,4292062,Standing systolic blood pressure,8876.0,millimeter mercury column,0.0,1,Based on Unit Harmonization Paper,400.0,1,,,,,,,,,,,,,
MEASUREMENT,MEASUREMENT_CONCEPT_ID,4302666,Body temperature,586323.0,degree Celsius,25.0,1,Based on Unit Harmonization Paper,45.0,1,,,,,,,,,,,,,
MEASUREMENT,MEASUREMENT_CONCEPT_ID,21490588,Esophageal temperature,586323.0,degree Celsius,25.0,1,Based on Unit Harmonization Paper,45.0,1,,,,,,,,,,,,,
MEASUREMENT,MEASUREMENT_CONCEPT_ID,40488001,Measurement of temperature using tympanic thermometer,586323.0,degree Celsius,25.0,1,Based on Unit Harmonization Paper,45.0,1,,,,,,,,,,,,,
MEASUREMENT,MEASUREMENT_CONCEPT_ID,3022060,Rectal temperature,586323.0,degree Celsius,25.0,1,Based on Unit Harmonization Paper,45.0,1,,,,,,,,,,,,,
MEASUREMENT,MEASUREMENT_CONCEPT_ID,3025085,Axillary temperature,586323.0,degree Celsius,25.0,1,Based on Unit Harmonization Paper,45.0,1,,,,,,,,,,,,,
MEASUREMENT,MEASUREMENT_CONCEPT_ID,4143731,Rectal temperature,586323.0,degree Celsius,25.0,1,Based on Unit Harmonization Paper,45.0,1,,,,,,,,,,,,,
MEASUREMENT,MEASUREMENT_CONCEPT_ID,4151775,O/E - tympanic temperature,586323.0,degree Celsius,25.0,1,Based on Unit Harmonization Paper,45.0,1,,,,,,,,,,,,,
MEASUREMENT,MEASUREMENT_CONCEPT_ID,4218834,Oral temperature,586323.0,degree Celsius,25.0,1,Based on Unit Harmonization Paper,45.0,1,,,,,,,,,,,,,
MEASUREMENT,MEASUREMENT_CONCEPT_ID,21490870,Bladder temperature via Foley,586323.0,degree Celsius,25.0,1,Based on Unit Harmonization Paper,45.0,1,,,,,,,,,,,,,
MEASUREMENT,MEASUREMENT_CONCEPT_ID,3025926,Body temperature - Core,586323.0,degree Celsius,25.0,1,Based on Unit Harmonization Paper,45.0,1,,,,,,,,,,,,,
MEASUREMENT,MEASUREMENT_CONCEPT_ID,4022230,Body temperature finding,586323.0,degree Celsius,25.0,1,Based on Unit Harmonization Paper,45.0,1,,,,,,,,,,,,,
MEASUREMENT,MEASUREMENT_CONCEPT_ID,4212763,Forehead temperature,586323.0,degree Celsius,25.0,1,Based on Unit Harmonization Paper,45.0,1,,,,,,,,,,,,,
MEASUREMENT,MEASUREMENT_CONCEPT_ID,4329518,Body temperature taken with digital thermometer,586323.0,degree Celsius,25.0,1,Based on Unit Harmonization Paper,45.0,1,,,,,,,,,,,,,
MEASUREMENT,MEASUREMENT_CONCEPT_ID,21490907,Ear temperature,586323.0,degree Celsius,25.0,1,Based on Unit Harmonization Paper,45.0,1,,,,,,,,,,,,,
MEASUREMENT,MEASUREMENT_CONCEPT_ID,45771331,Temperature,586323.0,degree Celsius,25.0,1,Based on Unit Harmonization Paper,45.0,1,,,,,,,,,,,,,
MEASUREMENT,MEASUREMENT_CONCEPT_ID,3020891,Body temperature,586323.0,degree Celsius,25.0,1,Based on Unit Harmonization Paper,45.0,1,,,,,,,,,,,,,
MEASUREMENT,MEASUREMENT_CONCEPT_ID,3025163,Tympanic membrane temperature,586323.0,degree Celsius,25.0,1,Based on Unit Harmonization Paper,45.0,1,,,,,,,,,,,,,
MEASUREMENT,MEASUREMENT_CONCEPT_ID,4215364,Tympanic temperature,586323.0,degree Celsius,25.0,1,Based on Unit Harmonization Paper,45.0,1,,,,,,,,,,,,,
MEASUREMENT,MEASUREMENT_CONCEPT_ID,21490906,Nasal temperature,586323.0,degree Celsius,25.0,1,Based on Unit Harmonization Paper,45.0,1,,,,,,,,,,,,,
MEASUREMENT,MEASUREMENT_CONCEPT_ID,40486189,Measurement of temperature using skin strip thermometer,586323.0,degree Celsius,25.0,1,Based on Unit Harmonization Paper,45.0,1,,,,,,,,,,,,,
MEASUREMENT,MEASUREMENT_CONCEPT_ID,3006322,Oral temperature,586323.0,degree Celsius,25.0,1,Based on Unit Harmonization Paper,45.0,1,,,,,,,,,,,,,
MEASUREMENT,MEASUREMENT_CONCEPT_ID,3007416,Body temperature - Intravascular,586323.0,degree Celsius,25.0,1,Based on Unit Harmonization Paper,45.0,1,,,,,,,,,,,,,
MEASUREMENT,MEASUREMENT_CONCEPT_ID,4113386,Basal body temperature,586323.0,degree Celsius,25.0,1,Based on Unit Harmonization Paper,45.0,1,,,,,,,,,,,,,
MEASUREMENT,MEASUREMENT_CONCEPT_ID,4174894,Core body temperature,586323.0,degree Celsius,25.0,1,Based on Unit Harmonization Paper,45.0,1,,,,,,,,,,,,,
MEASUREMENT,MEASUREMENT_CONCEPT_ID,4230334,Oral temperature taking,586323.0,degree Celsius,25.0,1,Based on Unit Harmonization Paper,45.0,1,,,,,,,,,,,,,
MEASUREMENT,MEASUREMENT_CONCEPT_ID,21490590,Nasopharyngeal temperature,586323.0,degree Celsius,25.0,1,Based on Unit Harmonization Paper,45.0,1,,,,,,,,,,,,,
MEASUREMENT,MEASUREMENT_CONCEPT_ID,46235152,Body temperature - Temporal artery,586323.0,degree Celsius,25.0,1,Based on Unit Harmonization Paper,45.0,1,,,,,,,,,,,,,
MEASUREMENT,MEASUREMENT_CONCEPT_ID,3019572,Troponin T.cardiac [Mass/volume] in Venous blood,8842.0,nanogram per milliliter,0.0,1,Based on Unit Harmonization Paper,100.0,1,,,,,,,,,,,,,
MEASUREMENT,MEASUREMENT_CONCEPT_ID,3021337,Troponin I.cardiac [Mass/volume] in Serum or Plasma,8842.0,nanogram per milliliter,0.0,1,Based on Unit Harmonization Paper,100.0,1,,,,,,,,,,,,,
MEASUREMENT,MEASUREMENT_CONCEPT_ID,3032971,Troponin I.cardiac [Mass/volume] in Serum or Plasma by Detection limit <= 0.01 ng/mL,8842.0,nanogram per milliliter,0.0,1,Based on Unit Harmonization Paper,100.0,1,,,,,,,,,,,,,
MEASUREMENT,MEASUREMENT_CONCEPT_ID,4020703,Troponin T cardiac measurement,8842.0,nanogram per milliliter,0.0,1,Based on Unit Harmonization Paper,100.0,1,,,,,,,,,,,,,
MEASUREMENT,MEASUREMENT_CONCEPT_ID,37040477,Troponin I.cardiac panel | Serum or Plasma | Chemistry Panels,8842.0,nanogram per milliliter,0.0,1,Based on Unit Harmonization Paper,100.0,1,,,,,,,,,,,,,
MEASUREMENT,MEASUREMENT_CONCEPT_ID,40653875,Troponin T.cardiac|PrThr|Pt|ANYBldSerPl,8842.0,nanogram per milliliter,0.0,1,Based on Unit Harmonization Paper,100.0,1,,,,,,,,,,,,,
MEASUREMENT,MEASUREMENT_CONCEPT_ID,40783217,Troponin I.cardiac | Bld-Ser-Plas,8842.0,nanogram per milliliter,0.0,1,Based on Unit Harmonization Paper,100.0,1,,,,,,,,,,,,,
MEASUREMENT,MEASUREMENT_CONCEPT_ID,2212610,"Troponin, qualitative",8842.0,nanogram per milliliter,0.0,1,Based on Unit Harmonization Paper,100.0,1,,,,,,,,,,,,,
MEASUREMENT,MEASUREMENT_CONCEPT_ID,36306105,Troponin I.cardiac [Mass/volume] in Serum or Plasma by High sensitivity method,8842.0,nanogram per milliliter,0.0,1,Based on Unit Harmonization Paper,100.0,1,,,,,,,,,,,,,
MEASUREMENT,MEASUREMENT_CONCEPT_ID,37075202,Troponin T.cardiac panel | Serum or Plasma | Chemistry Panels,8842.0,nanogram per milliliter,0.0,1,Based on Unit Harmonization Paper,100.0,1,,,,,,,,,,,,,
MEASUREMENT,MEASUREMENT_CONCEPT_ID,2212605,"Troponin, quantitative",8842.0,nanogram per milliliter,0.0,1,Based on Unit Harmonization Paper,100.0,1,,,,,,,,,,,,,
MEASUREMENT,MEASUREMENT_CONCEPT_ID,3005227,Troponin I.cardiac [Units/volume] in Serum or Plasma,8842.0,nanogram per milliliter,0.0,1,Based on Unit Harmonization Paper,100.0,1,,,,,,,,,,,,,
MEASUREMENT,MEASUREMENT_CONCEPT_ID,3042837,Troponin T.cardiac [Presence] in Serum or Plasma,8842.0,nanogram per milliliter,0.0,1,Based on Unit Harmonization Paper,100.0,1,,,,,,,,,,,,,
MEASUREMENT,MEASUREMENT_CONCEPT_ID,4007805,Troponin I measurement,8842.0,nanogram per milliliter,0.0,1,Based on Unit Harmonization Paper,100.0,1,,,,,,,,,,,,,
MEASUREMENT,MEASUREMENT_CONCEPT_ID,4021291,Troponin measurement,8842.0,nanogram per milliliter,0.0,1,Based on Unit Harmonization Paper,100.0,1,,,,,,,,,,,,,
MEASUREMENT,MEASUREMENT_CONCEPT_ID,4192937,Plasma troponin T measurement,8842.0,nanogram per milliliter,0.0,1,Based on Unit Harmonization Paper,100.0,1,,,,,,,,,,,,,
MEASUREMENT,MEASUREMENT_CONCEPT_ID,4198748,Plasma troponin I measurement,8842.0,nanogram per milliliter,0.0,1,Based on Unit Harmonization Paper,100.0,1,,,,,,,,,,,,,
MEASUREMENT,MEASUREMENT_CONCEPT_ID,37063873,Troponin I.cardiac | Serum or Plasma | Chemistry - non-challenge,8842.0,nanogram per milliliter,0.0,1,Based on Unit Harmonization Paper,100.0,1,,,,,,,,,,,,,
MEASUREMENT,MEASUREMENT_CONCEPT_ID,37066693,Troponin T.cardiac | Blood | Chemistry - non-challenge,8842.0,nanogram per milliliter,0.0,1,Based on Unit Harmonization Paper,100.0,1,,,,,,,,,,,,,
MEASUREMENT,MEASUREMENT_CONCEPT_ID,40653873,Troponin I.cardiac|MCnc|Pt|ANYBldSerPl,8842.0,nanogram per milliliter,0.0,1,Based on Unit Harmonization Paper,100.0,1,,,,,,,,,,,,,
MEASUREMENT,MEASUREMENT_CONCEPT_ID,40797633,Troponin T.cardiac | Blood venous,8842.0,nanogram per milliliter,0.0,1,Based on Unit Harmonization Paper,100.0,1,,,,,,,,,,,,,
MEASUREMENT,MEASUREMENT_CONCEPT_ID,3033745,Troponin I.cardiac [Mass/volume] in Blood,8842.0,nanogram per milliliter,0.0,1,Based on Unit Harmonization Paper,100.0,1,,,,,,,,,,,,,
MEASUREMENT,MEASUREMENT_CONCEPT_ID,4005525,Troponin T measurement,8842.0,nanogram per milliliter,0.0,1,Based on Unit Harmonization Paper,100.0,1,,,,,,,,,,,,,
MEASUREMENT,MEASUREMENT_CONCEPT_ID,4042051,Serum troponin T measurement,8842.0,nanogram per milliliter,0.0,1,Based on Unit Harmonization Paper,100.0,1,,,,,,,,,,,,,
MEASUREMENT,MEASUREMENT_CONCEPT_ID,36304114,Troponin I.cardiac [Interpretation] in Serum or Plasma Qualitative by High sensitivity method,8842.0,nanogram per milliliter,0.0,1,Based on Unit Harmonization Paper,100.0,1,,,,,,,,,,,,,
MEASUREMENT,MEASUREMENT_CONCEPT_ID,36305612,Troponin I.cardiac panel - Serum or Plasma by High sensitivity method,8842.0,nanogram per milliliter,0.0,1,Based on Unit Harmonization Paper,100.0,1,,,,,,,,,,,,,
MEASUREMENT,MEASUREMENT_CONCEPT_ID,37045968,Troponin T.cardiac | Serum or Plasma | Chemistry - non-challenge,8842.0,nanogram per milliliter,0.0,1,Based on Unit Harmonization Paper,100.0,1,,,,,,,,,,,,,
MEASUREMENT,MEASUREMENT_CONCEPT_ID,40653874,Troponin T.cardiac|MCnc|Pt|ANYBldSerPl,8842.0,nanogram per milliliter,0.0,1,Based on Unit Harmonization Paper,100.0,1,,,,,,,,,,,,,
MEASUREMENT,MEASUREMENT_CONCEPT_ID,40769783,Troponin T.cardiac [Mass/volume] in Serum or Plasma by High sensitivity method,8842.0,nanogram per milliliter,0.0,1,Based on Unit Harmonization Paper,100.0,1,,,,,,,,,,,,,
MEASUREMENT,MEASUREMENT_CONCEPT_ID,40794012,Troponin T.cardiac | Bld-Ser-Plas,8842.0,nanogram per milliliter,0.0,1,Based on Unit Harmonization Paper,100.0,1,,,,,,,,,,,,,
MEASUREMENT,MEASUREMENT_CONCEPT_ID,44805124,High sensitivity cardiac troponin T measurement,8842.0,nanogram per milliliter,0.0,1,Based on Unit Harmonization Paper,100.0,1,,,,,,,,,,,,,
MEASUREMENT,MEASUREMENT_CONCEPT_ID,3019800,Troponin T.cardiac [Mass/volume] in Serum or Plasma,8842.0,nanogram per milliliter,0.0,1,Based on Unit Harmonization Paper,100.0,1,,,,,,,,,,,,,
MEASUREMENT,MEASUREMENT_CONCEPT_ID,3048529,Troponin T.cardiac [Mass/volume] in Blood,8842.0,nanogram per milliliter,0.0,1,Based on Unit Harmonization Paper,100.0,1,,,,,,,,,,,,,
MEASUREMENT,MEASUREMENT_CONCEPT_ID,3052931,Troponin T.cardiac [Presence] in Blood,8842.0,nanogram per milliliter,0.0,1,Based on Unit Harmonization Paper,100.0,1,,,,,,,,,,,,,
MEASUREMENT,MEASUREMENT_CONCEPT_ID,4209251,Serum troponin I measurement,8842.0,nanogram per milliliter,0.0,1,Based on Unit Harmonization Paper,100.0,1,,,,,,,,,,,,,
MEASUREMENT,MEASUREMENT_CONCEPT_ID,36303871,Troponin T.cardiac panel - Serum or Plasma by High sensitivity method,8842.0,nanogram per milliliter,0.0,1,Based on Unit Harmonization Paper,100.0,1,,,,,,,,,,,,,
MEASUREMENT,MEASUREMENT_CONCEPT_ID,36304662,Troponin T.cardiac [Interpretation] in Serum or Plasma Qualitative by High sensitivity method,8842.0,nanogram per milliliter,0.0,1,Based on Unit Harmonization Paper,100.0,1,,,,,,,,,,,,,
MEASUREMENT,MEASUREMENT_CONCEPT_ID,37071238,Troponin T.cardiac | Blood venous | Chemistry - non-challenge,8842.0,nanogram per milliliter,0.0,1,Based on Unit Harmonization Paper,100.0,1,,,,,,,,,,,,,
MEASUREMENT,MEASUREMENT_CONCEPT_ID,37072384,Troponin I.cardiac | Blood | Chemistry - non-challenge,8842.0,nanogram per milliliter,0.0,1,Based on Unit Harmonization Paper,100.0,1,,,,,,,,,,,,,
MEASUREMENT,MEASUREMENT_CONCEPT_ID,46235895,"Troponin I.cardiac [Presence] in Serum, Plasma or Blood by Rapid immunoassay",8842.0,nanogram per milliliter,0.0,1,Based on Unit Harmonization Paper,100.0,1,,,,,,,,,,,,,
MEASUREMENT,MEASUREMENT_CONCEPT_ID,37076644,"Troponin I.cardiac | Serum, Plasma or Blood | Chemistry - non-challenge",8842.0,nanogram per milliliter,0.0,1,Based on Unit Harmonization Paper,100.0,1,,,,,,,,,,,,,
MEASUREMENT,MEASUREMENT_CONCEPT_ID,3003282,Leukocytes [#/volume] in Blood by Manual count,8848.0,thousand per microliter,0.0,1,Based on Unit Harmonization Paper,10000.0,1,,,,,,,,,,,,,
MEASUREMENT,MEASUREMENT_CONCEPT_ID,3000905,Leukocytes [#/volume] in Blood by Automated count,8848.0,thousand per microliter,0.0,1,Based on Unit Harmonization Paper,10000.0,1,,,,,,,,,,,,,
MEASUREMENT,MEASUREMENT_CONCEPT_ID,3001657,Leukocytes [#/volume] corrected for nucleated erythrocytes in Blood,8848.0,thousand per microliter,0.0,1,Based on Unit Harmonization Paper,10000.0,1,,,,,,,,,,,,,
MEASUREMENT,MEASUREMENT_CONCEPT_ID,3032393,Leukocytes [#/volume] in Blood by Estimate,8848.0,thousand per microliter,0.0,1,Based on Unit Harmonization Paper,10000.0,1,,,,,,,,,,,,,
MEASUREMENT,MEASUREMENT_CONCEPT_ID,4174071,White blood cell estimate,8848.0,thousand per microliter,0.0,1,Based on Unit Harmonization Paper,10000.0,1,,,,,,,,,,,,,
MEASUREMENT,MEASUREMENT_CONCEPT_ID,3010813,Leukocytes [#/volume] in Blood,8848.0,thousand per microliter,0.0,1,Based on Unit Harmonization Paper,10000.0,1,,,,,,,,,,,,,
MEASUREMENT,MEASUREMENT_CONCEPT_ID,3046900,Leukocytes [#/volume] corrected for nucleated erythrocytes in Blood by Automated count,8848.0,thousand per microliter,0.0,1,Based on Unit Harmonization Paper,10000.0,1,,,,,,,,,,,,,
MEASUREMENT,MEASUREMENT_CONCEPT_ID,4298431,White blood cell count,8848.0,thousand per microliter,0.0,1,Based on Unit Harmonization Paper,10000.0,1,,,,,,,,,,,,,
MEASUREMENT,MEASUREMENT_CONCEPT_ID,37208925,White blood cell count in blood,8848.0,thousand per microliter,0.0,1,Based on Unit Harmonization Paper,10000.0,1,,,,,,,,,,,,,
